,City,Latitude,Longitude,Temperature,Humidity,Cloudiness,Wind Speed,Maximum Speed,Country,Time Zone,Date and Time
0,narsaq,60.9167,-46.05,10.26,79,0,10.92,10.26,GL,-10800,1611699368
1,hilo,19.7297,-155.09,73.06,73,75,8.05,77.0,US,-36000,1611699368
2,barrow,71.2906,-156.7887,-13.0,77,1,6.91,-13.0,US,-32400,1611699368
3,cape town,-33.9258,18.4232,67.3,82,20,16.11,68.0,ZA,7200,1611699131
4,san vicente,-26.6167,-54.1333,72.07,94,95,4.94,72.07,AR,-10800,1611698777
5,mount gambier,-37.8333,140.7667,55.4,62,90,10.36,55.4,AU,37800,1611698777
6,beruwala,6.4788,79.9828,72.3,88,100,7.36,72.3,LK,19800,1611698777
7,lebu,-37.6167,-73.65,58.91,67,12,18.66,58.91,CL,-10800,1611698777
8,filingue,14.3521,3.3168,73.11,15,45,10.76,73.11,NE,3600,1611698777
9,butaritari,3.0707,172.7902,80.89,75,16,8.43,80.89,KI,43200,1611698777
10,clyde river,70.4692,-68.5914,5.0,78,20,27.63,5.0,CA,-18000,1611698777
11,rocha,-34.4833,-54.3333,76.87,77,98,4.79,76.87,UY,-10800,1611698778
12,tuktoyaktuk,69.4541,-133.0374,-18.4,83,40,11.5,-18.4,CA,-25200,1611698778
13,avarua,-21.2078,-159.775,86.0,70,20,18.41,86.0,CK,-36000,1611698778
14,tasiilaq,65.6145,-37.6368,6.1,85,100,7.43,6.1,GL,-10800,1611698779
15,dingle,10.9995,122.6711,72.77,90,97,7.36,72.77,PH,28800,1611698779
16,rikitea,-23.1203,-134.9692,80.08,70,64,10.89,80.08,PF,-32400,1611698780
17,sungaipenuh,-2.0833,101.3833,63.27,91,100,1.88,63.27,ID,25200,1611698780
18,tura,25.5198,90.2201,54.57,64,0,2.59,54.57,IN,19800,1611698780
19,margate,51.3813,1.3862,39.99,87,100,4.0,39.99,GB,0,1611698781
20,matagalpa,12.9256,-85.9175,78.73,56,10,11.39,78.73,NI,-21600,1611698781
21,castro,-24.7911,-50.0119,67.39,91,100,3.56,67.39,BR,-10800,1611698703
22,siocon,7.7061,122.1353,76.87,85,90,7.27,76.87,PH,28800,1611698781
23,upernavik,72.7868,-56.1549,0.59,87,99,11.92,0.59,GL,-10800,1611698782
24,college,64.8569,-147.8028,-10.52,84,75,0.34,-8.0,US,-32400,1611698782
25,longyearbyen,78.2186,15.6401,5.0,47,0,23.02,5.0,SJ,3600,1611698782
26,pimentel,-6.8367,-79.9342,74.73,68,52,15.39,74.73,PE,-18000,1611698782
27,katsuura,35.1333,140.3,46.35,93,75,3.44,46.99,JP,32400,1611698782
28,ushuaia,-54.8,-68.3,41.0,81,90,25.32,41.0,AR,-10800,1611698783
29,portland,45.5234,-122.6762,38.5,60,90,18.41,41.0,US,-28800,1611698716
30,egvekinot,66.3167,-179.1667,-16.19,87,66,10.56,-16.19,RU,43200,1611698783
31,foz,43.5692,-7.2544,57.45,100,90,5.01,59.0,ES,3600,1611698783
32,maniitsoq,65.4167,-52.9,13.42,87,68,5.66,13.42,GL,-10800,1611698783
33,norman wells,65.282,-126.8329,-18.4,76,75,4.61,-18.4,CA,-25200,1611698783
34,ribeira grande,38.5167,-28.7,64.4,88,75,20.71,64.4,PT,-3600,1611698784
35,sept-iles,50.2001,-66.3821,32.0,64,60,4.61,32.0,CA,-18000,1611698784
36,lorengau,-2.0226,147.2712,83.44,74,100,10.96,83.44,PG,36000,1611698784
37,santa cecilia,-26.9608,-50.4269,65.62,100,100,2.55,65.62,BR,-10800,1611698784
38,jamestown,42.097,-79.2353,34.93,93,90,12.66,36.0,US,-18000,1611698785
39,makakilo city,21.3469,-158.0858,78.55,61,40,11.5,78.8,US,-36000,1611698785
40,busselton,-33.65,115.3333,55.99,96,39,12.55,55.99,AU,28800,1611698785
41,ionia,42.9873,-85.0711,28.08,74,90,12.66,28.99,US,-18000,1611698526
42,arraial do cabo,-22.9661,-42.0278,78.8,78,0,19.57,78.8,BR,-10800,1611698786
43,kulu,39.0951,33.0799,43.3,77,100,15.1,43.3,TR,10800,1611698786
44,pochutla,15.7432,-96.4661,90.0,43,0,5.99,90.0,MX,-21600,1611698786
45,kiyasovo,56.3491,53.1244,17.29,97,100,9.15,17.29,RU,14400,1611698786
46,butterworth,5.3991,100.3638,76.59,88,20,1.14,78.8,MY,28800,1611698787
47,hermanus,-34.4187,19.2345,59.0,90,3,5.5,59.0,ZA,7200,1611698787
48,havelock,34.8791,-76.9013,58.5,100,90,6.91,60.01,US,-18000,1611698787
49,muros,42.7762,-9.0603,57.0,96,100,1.99,57.99,ES,3600,1611698787
50,mahebourg,-20.4081,57.7,73.4,88,20,4.61,73.4,MU,14400,1611698787
51,torbay,47.6666,-52.7314,32.38,100,90,20.71,33.01,CA,-12600,1611698724
52,tyrma,50.0833,132.1667,-5.51,90,100,0.76,-5.51,RU,36000,1611698787
53,axim,4.8699,-2.2405,78.82,86,88,6.8,78.82,GH,0,1611698788
54,bluff,-46.6,168.3333,75.0,53,100,10.0,75.0,NZ,46800,1611698788
55,nishihara,26.1842,127.7558,64.18,77,75,14.97,66.2,JP,32400,1611698788
56,bambous virieux,-20.3428,57.7575,74.62,88,20,4.61,75.99,MU,14400,1611698788
57,provideniya,64.3833,-173.3,6.8,78,75,11.18,6.8,RU,43200,1611698788
58,port alfred,-33.5906,26.891,69.01,95,90,1.01,69.01,ZA,7200,1611698789
59,irbil,36.1926,44.0106,42.8,56,100,1.14,42.8,IQ,10800,1611698789
60,punta arenas,-53.15,-70.9167,50.0,50,20,27.63,50.0,CL,-10800,1611698539
61,cidreira,-30.1811,-50.2056,76.95,86,70,11.54,76.95,BR,-10800,1611698646
62,brattleboro,42.8509,-72.5579,25.0,90,100,5.26,27.0,US,-18000,1611698789
63,tilichiki,60.4667,166.1,-11.72,90,100,15.46,-11.72,RU,43200,1611698789
64,stowe,40.2526,-75.6774,32.22,98,100,1.01,33.01,US,-18000,1611698789
65,ondjiva,-17.0667,15.7333,69.8,80,100,5.46,69.8,AO,3600,1611698790
66,mabaruma,8.2,-59.7833,76.17,80,99,5.03,76.17,GY,-14400,1611698790
67,jimenez,28.3333,-105.4,69.04,17,61,30.85,69.04,MX,-25200,1611698790
68,kavieng,-2.5744,150.7967,84.06,74,100,9.31,84.06,PG,36000,1611698790
69,corinth,37.9407,22.9573,54.0,61,100,15.99,54.0,GR,7200,1611698790
70,fukuma,33.7667,130.4667,50.25,71,75,10.36,52.0,JP,32400,1611698790
71,algiers,36.7525,3.042,48.2,93,40,5.12,48.2,DZ,3600,1611698734
72,bredasdorp,-34.5322,20.0403,62.6,77,13,1.14,62.6,ZA,7200,1611698791
73,kaeo,-35.1,173.7833,79.0,64,3,5.01,79.0,NZ,46800,1611698792
74,rio branco,-9.9747,-67.81,82.4,78,40,5.75,82.4,BR,-18000,1611698792
75,jacqueville,5.2052,-4.4146,80.6,94,90,5.75,80.6,CI,0,1611698792
76,lata,40.1629,-8.3327,58.37,100,100,1.81,59.0,PT,0,1611698792
77,la union,-5.4,-80.75,88.63,39,62,17.18,88.63,PE,-18000,1611698792
78,saint-philippe,-21.3585,55.7679,72.88,69,0,8.05,75.2,RE,14400,1611698792
79,presidente medici,-11.1753,-61.9014,79.41,91,88,4.63,79.41,BR,-14400,1611698793
80,sivaki,52.6333,126.75,-13.67,90,100,2.19,-13.67,RU,32400,1611698793
81,itarema,-2.9248,-39.9167,80.19,80,100,14.23,80.19,BR,-10800,1611698793
82,kapaa,22.0752,-159.319,75.65,88,90,17.27,75.99,US,-36000,1611698793
83,atuona,-9.8,-139.0333,78.37,76,1,17.54,78.37,PF,-34200,1611698794
84,turukhansk,65.8167,87.9833,-23.69,78,100,17.56,-23.69,RU,25200,1611698794
85,haines junction,60.7522,-137.5108,1.4,66,21,4.61,1.4,CA,-25200,1611698794
86,abha,18.2164,42.5053,57.02,58,0,3.96,59.0,SA,10800,1611698794
87,plettenberg bay,-34.0527,23.3716,67.57,81,17,4.0,67.57,ZA,7200,1611698794
88,kupang,-10.1667,123.5833,77.0,94,75,5.75,77.0,ID,28800,1611698795
89,polson,47.6936,-114.1632,30.0,64,46,1.81,30.0,US,-25200,1611698795
90,hobart,-42.8794,147.3294,55.0,62,75,14.97,55.99,AU,39600,1611698680
91,le port,-20.9373,55.2919,69.08,88,75,6.91,73.4,RE,14400,1611698795
92,ustye,59.6304,39.736,33.13,97,100,12.33,33.13,RU,10800,1611698795
93,aquiles serdan,17.7833,-92.2833,87.6,68,0,7.09,87.6,MX,-21600,1611698796
94,williams lake,52.1415,-122.1445,29.5,68,40,12.66,33.01,CA,-28800,1611698699
95,chokurdakh,70.6333,147.9167,-29.63,81,99,6.42,-29.63,RU,39600,1611698796
96,dikson,73.5069,80.5464,-24.66,85,100,6.29,-24.66,RU,25200,1611698796
97,albany,42.6001,-73.9662,25.05,76,100,8.9,27.0,US,-18000,1611698719
98,pevek,69.7008,170.3133,-30.14,85,42,2.17,-30.14,RU,43200,1611698797
99,riyadh,24.6877,46.7219,55.83,26,0,6.11,57.2,SA,10800,1611698798
100,vangaindrano,-23.35,47.6,75.02,90,37,5.1,75.02,MG,10800,1611698798
101,dutse,11.7594,9.3392,71.78,21,19,7.99,71.78,NG,3600,1611698798
102,nakambala,-15.8324,27.7799,63.7,98,100,4.12,63.7,ZM,7200,1611698798
103,kizema,61.113,44.8302,30.56,98,96,6.71,30.56,RU,10800,1611698799
104,hasaki,35.7333,140.8333,44.76,100,75,2.3,45.0,JP,32400,1611698799
105,port elizabeth,-33.918,25.5701,68.0,94,90,9.22,68.0,ZA,7200,1611698550
106,asau,46.4333,26.4,30.99,68,100,3.65,30.99,RO,7200,1611698799
107,severo-kurilsk,50.6789,156.125,24.78,95,82,23.2,24.78,RU,39600,1611698799
108,furukawa,38.5717,140.9556,42.8,93,75,3.44,42.8,JP,32400,1611698799
109,faanui,-16.4833,-151.75,81.28,73,45,17.16,81.28,PF,-36000,1611698799
110,aswan,24.0934,32.907,59.9,29,18,7.43,59.9,EG,7200,1611698800
111,pasni,25.2631,63.471,64.78,37,0,6.15,64.78,PK,18000,1611698800
112,ferkessedougou,9.6,-5.2,76.05,19,0,2.77,76.05,CI,0,1611698800
113,krasnoarmeysk,51.0239,45.6969,30.99,93,100,5.01,30.99,RU,14400,1611698800
114,bama,11.5221,13.6856,68.0,25,70,5.88,68.0,NG,3600,1611698801
115,derzhavinsk,51.1,66.3167,27.54,98,95,15.17,27.54,KZ,21600,1611698801
116,lao cai,22.4833,103.95,65.25,82,86,1.3,65.25,VN,25200,1611698802
117,khatanga,71.9667,102.5,-24.77,82,51,8.16,-24.77,RU,25200,1611698802
118,ponta do sol,32.6667,-17.1,56.79,71,31,1.99,57.99,PT,0,1611698802
119,vestmanna,62.1564,-7.1664,32.0,64,18,12.66,32.0,FO,0,1611698802
120,puerto ayora,-0.7393,-90.3518,78.01,92,56,8.01,78.01,EC,-21600,1611698802
121,iqaluit,63.7506,-68.5145,-2.09,71,1,18.41,-2.0,CA,-18000,1611698803
122,vila do maio,15.1333,-23.2167,73.4,49,0,12.66,73.4,CV,-3600,1611698803
123,roald,62.5833,6.1333,29.23,93,75,6.91,32.0,NO,3600,1611698803
124,muzhi,65.3667,64.6667,-30.24,83,55,4.9,-30.24,RU,18000,1611698803
125,naze,28.3667,129.4833,60.8,94,75,3.44,60.8,JP,32400,1611698803
126,benghazi,32.1167,20.0667,60.89,66,66,29.17,60.89,LY,7200,1611698792
127,san felipe,10.3399,-68.7425,74.37,79,45,7.29,74.37,VE,-14400,1611698804
128,sa kaeo,13.75,102.3333,73.22,55,35,3.02,73.22,TH,25200,1611698804
129,mataura,-46.1927,168.8643,75.0,53,100,10.0,75.0,NZ,46800,1611698804
130,dicabisagan,17.0818,122.4157,74.59,85,99,9.01,74.59,PH,28800,1611698804
131,kiama,-34.6833,150.8667,68.25,95,100,1.01,71.01,AU,39600,1611698754
132,bathsheba,13.2167,-59.5167,78.8,69,40,14.97,78.8,BB,-14400,1611698805
133,gbarnga,6.9956,-9.4722,72.48,74,0,3.74,72.48,LR,0,1611698714
134,lavrentiya,65.5833,-171.0,-3.84,87,55,4.5,-3.84,RU,43200,1611698805
135,ketchikan,55.3422,-131.6461,33.8,60,1,5.75,33.8,US,-32400,1611698573
136,chumikan,54.7183,135.315,-10.25,90,100,6.15,-10.25,RU,36000,1611698806
137,vanavara,60.34,102.2797,-44.66,79,30,1.52,-44.66,RU,25200,1611698806
138,oberstdorf,47.4,10.2833,23.22,43,100,1.99,26.01,DE,3600,1611698806
139,sisimiut,66.9395,-53.6735,8.8,92,80,4.85,8.8,GL,-10800,1611698806
140,fortuna,40.5982,-124.1573,41.32,93,1,37.98,45.0,US,-28800,1611698806
141,lagoa,39.05,-27.9833,62.35,87,100,40.09,62.35,PT,-3600,1611698806
142,baculin,7.4525,126.5842,76.62,78,100,5.86,76.62,PH,28800,1611698807
143,abnub,27.2696,31.1511,53.6,71,0,4.61,53.6,EG,7200,1611698807
144,ponta delgada,37.7333,-25.6667,61.41,94,75,14.97,62.01,PT,-3600,1611698807
145,klaksvik,62.2266,-6.589,32.0,64,17,12.66,32.0,FO,0,1611698807
146,honningsvag,70.9821,25.9704,26.6,68,75,25.32,26.6,NO,3600,1611698807
147,qaanaaq,77.484,-69.3632,-15.21,65,0,7.43,-15.21,GL,-14400,1611698807
148,esperance,-33.8667,121.9,62.6,77,75,14.97,62.6,AU,28800,1611698692
149,mount isa,-20.7333,139.5,78.8,83,56,10.29,78.8,AU,36000,1611698808
150,sao joao da barra,-21.6403,-41.0511,82.4,65,0,20.71,82.4,BR,-10800,1611698517
151,avera,33.194,-82.5271,67.24,70,90,4.61,69.8,US,-18000,1611698808
152,tuatapere,-46.1333,167.6833,75.0,53,92,10.0,75.0,NZ,46800,1611698808
153,olafsvik,64.8945,-23.7142,28.0,87,100,22.01,28.0,IS,0,1611698809
154,caravelas,-17.7125,-39.2481,77.38,78,98,7.11,77.38,BR,-10800,1611698809
155,hithadhoo,-0.6,73.0833,79.61,81,91,11.59,79.61,MV,18000,1611698809
156,torit,4.4133,32.5678,81.37,31,100,4.9,81.37,SS,10800,1611698809
157,satipo,-11.2522,-74.6386,79.5,76,99,1.25,79.5,PE,-18000,1611698810
158,jaru,-10.4389,-62.4664,80.2,91,98,4.74,80.2,BR,-14400,1611698810
159,vardo,70.3705,31.1107,26.6,86,75,31.07,26.6,NO,3600,1611698810
160,atambua,-9.1061,124.8925,74.7,87,99,4.94,74.7,ID,28800,1611698810
161,dzilam gonzalez,21.2833,-88.9333,89.24,47,0,9.51,89.24,MX,-21600,1611698810
162,kodiak,57.79,-152.4072,37.4,52,1,11.5,37.4,US,-32400,1611698811
163,nabire,-3.3667,135.4833,76.35,84,100,5.06,76.35,ID,32400,1611698811
164,murgab,37.4966,61.9714,32.0,74,0,4.61,32.0,TM,18000,1611698811
165,pala,9.3642,14.9046,77.0,19,22,6.04,77.0,TD,3600,1611698811
166,aklavik,68.2191,-135.0107,-11.2,84,68,3.44,-11.2,CA,-25200,1611698811
167,general roca,-39.0333,-67.5833,86.0,23,0,6.91,86.0,AR,-10800,1611698811
168,lima,-12.0432,-77.0282,73.99,74,98,5.01,73.99,PE,-18000,1611698811
169,port blair,11.6667,92.75,76.82,84,3,7.83,76.82,IN,19800,1611698812
170,coquimbo,-29.9533,-71.3436,64.4,77,75,10.36,64.4,CL,-10800,1611698812
171,pangody,65.85,74.4859,-28.62,86,100,5.73,-28.62,RU,18000,1611698812
172,kalat,29.0225,66.5916,31.23,56,0,1.36,31.23,PK,18000,1611698812
173,tungor,53.3808,142.9564,-1.55,93,100,8.19,-1.55,RU,39600,1611698812
174,rio grande,-32.035,-52.0986,76.48,94,90,5.75,77.0,BR,-10800,1611698812
175,novo aripuana,-5.1206,-60.3797,77.68,94,99,3.02,77.68,BR,-14400,1611698813
176,saint-francois,46.4154,3.9054,32.47,86,0,5.75,33.01,FR,3600,1611698813
177,ko samui,9.5357,99.9357,80.64,73,89,11.23,80.64,TH,25200,1611698813
178,rio gallegos,-51.6226,-69.2181,55.4,24,40,31.07,55.4,AR,-10800,1611698813
179,andrelandia,-21.7397,-44.3092,68.77,89,82,5.82,68.77,BR,-10800,1611698813
180,russkaya polyana,49.417,31.9201,31.06,95,100,5.68,31.06,UA,7200,1611698813
181,hobyo,5.3505,48.5268,76.64,77,85,17.74,76.64,SO,10800,1611698771
182,antofagasta,-23.65,-70.4,69.8,73,20,14.97,69.8,CL,-10800,1611698814
183,tevaitoa,-16.7833,-151.5,81.34,75,20,16.28,81.34,PF,-36000,1611698814
184,jumla,29.2747,82.1838,31.95,47,0,4.76,31.95,NP,20700,1611698814
185,saint anthony,45.0205,-93.218,19.4,45,1,6.91,19.4,US,-21600,1611698815
186,yuzhno-kurilsk,44.0306,145.8556,28.6,98,100,16.15,28.6,RU,36000,1611698815
187,broken hill,-31.95,141.4333,60.8,82,0,12.66,60.8,AU,37800,1611698815
188,disna,55.568,28.1971,30.6,99,100,4.63,30.6,BY,10800,1611698815
189,tyukhtet,56.5389,89.3011,-21.21,85,96,7.76,-21.21,RU,25200,1611698815
190,calabar,4.9517,8.322,79.75,77,61,4.36,79.75,NG,3600,1611698816
191,vao,-22.6667,167.4833,76.96,77,2,21.88,76.96,NC,39600,1611698816
192,poddorye,57.4695,31.1156,30.36,97,89,6.24,30.36,RU,10800,1611698816
193,trelew,-43.249,-65.3051,68.41,30,90,11.16,68.41,AR,-10800,1611698600
194,bethel,41.3712,-73.414,26.6,86,90,8.05,27.0,US,-18000,1611698816
195,yellowknife,62.456,-114.3525,-12.62,70,75,8.05,-11.99,CA,-25200,1611698816
196,tanete,-3.9443,119.7848,75.45,85,100,2.57,75.45,ID,28800,1611698817
197,campbellsville,37.3434,-85.3419,53.49,81,75,11.5,57.0,US,-18000,1611698817
198,saldanha,-33.0117,17.9442,64.4,77,9,11.5,64.4,ZA,7200,1611698817
199,nikolskoye,59.7035,30.7861,33.82,87,75,6.71,35.6,RU,10800,1611698817
200,kayes,14.0,-11.0,77.56,13,20,9.06,77.56,ML,0,1611698817
201,new norfolk,-42.7826,147.0587,53.11,61,8,3.0,55.99,AU,39600,1611698818
202,saint-pierre,-21.3393,55.4781,73.09,69,0,8.05,75.2,RE,14400,1611698818
203,odweyne,9.4092,45.064,64.4,45,0,2.3,64.4,SO,10800,1611698818
204,mahajanga,-15.7167,46.3167,80.37,80,100,8.34,80.37,MG,10800,1611698819
205,ostersund,63.1792,14.6357,3.2,85,90,2.13,3.2,SE,3600,1611698819
206,carnarvon,-24.8667,113.6333,69.8,73,40,19.57,69.8,AU,28800,1611698819
207,papara,-3.9839,-38.7273,81.68,74,75,6.91,82.4,BR,-10800,1611698819
208,alofi,-19.0595,-169.9187,78.8,89,90,8.05,78.8,NU,-39600,1611698819
209,bengkulu,-3.8004,102.2655,74.07,90,100,4.94,74.07,ID,25200,1611698820
210,farafangana,-22.8167,47.8333,77.0,89,46,6.15,77.0,MG,10800,1611698820
211,sao filipe,14.8961,-24.4956,74.34,66,0,4.03,74.34,CV,-3600,1611698821
212,paracuru,-3.41,-39.0306,81.0,75,100,11.99,81.0,BR,-10800,1611698821
213,madang,-5.2246,145.7966,78.76,87,98,3.89,78.76,PG,36000,1611698822
214,huarmey,-10.0681,-78.1522,75.29,65,94,10.13,75.29,PE,-18000,1611698822
215,la paz,-16.5,-68.15,59.0,41,75,10.36,59.0,BO,-14400,1611698822
216,alta floresta,-9.8756,-56.0861,77.52,87,99,1.05,77.52,BR,-14400,1611698589
217,nanortalik,60.1432,-45.2371,15.51,83,0,8.46,15.51,GL,-10800,1611698822
218,sembakung,3.8167,117.25,71.56,98,43,1.59,71.56,ID,28800,1611698823
219,biltine,14.5333,20.9167,70.65,21,85,5.46,70.65,TD,3600,1611698823
220,escanaba,45.7453,-87.0646,21.16,63,90,10.36,21.99,US,-18000,1611698823
221,hami,42.8,93.45,17.62,81,2,4.74,17.62,CN,28800,1611698823
222,chuy,-33.6971,-53.4616,79.36,69,98,3.74,79.36,UY,-10800,1611698823
223,hays,30.0502,-98.0336,71.78,39,0,3.0,75.0,US,-21600,1611698823
224,uaua,-9.8414,-39.4817,81.61,45,57,17.6,81.61,BR,-10800,1611698824
225,puerto leguizamo,-0.1934,-74.7819,79.77,87,100,1.95,79.77,CO,-18000,1611698824
226,jaque,7.5175,-78.1703,82.4,77,47,9.91,82.4,PA,-18000,1611698824
227,victoria,22.2855,114.1577,61.59,82,8,3.0,64.0,HK,28800,1611698706
228,petropavlovsk-kamchatskiy,53.0452,158.6483,24.8,54,100,22.37,24.8,RU,43200,1611698824
229,juneau,58.3019,-134.4197,20.73,43,20,13.8,28.4,US,-32400,1611698824
230,beira,-19.8436,34.8389,79.39,89,20,5.14,80.01,MZ,7200,1611698603
231,camacha,33.0833,-16.3333,62.6,77,40,10.36,62.6,PT,0,1611698582
232,nautla,20.2167,-96.7833,78.08,79,2,13.38,78.08,MX,-21600,1611698825
233,taoudenni,22.6783,-3.9836,71.89,20,0,13.4,71.89,ML,0,1611698825
234,marzuq,14.4,46.4667,56.48,35,28,2.17,56.48,YE,10800,1611698825
235,suffolk,40.8668,-72.7996,33.49,80,90,5.75,36.0,US,-18000,1611698599
236,okhotsk,59.3833,143.3,-16.64,76,41,9.31,-16.64,RU,36000,1611698826
237,nome,64.5011,-165.4064,12.69,85,90,3.18,14.0,US,-32400,1611698826
238,kahului,20.8947,-156.47,76.53,57,1,23.02,80.6,US,-36000,1611698744
239,sioux lookout,50.1001,-91.917,-4.0,71,40,5.75,-4.0,CA,-21600,1611698826
240,bereda,43.2686,-7.5406,56.05,100,100,5.01,57.0,ES,3600,1611698826
241,tuy hoa,13.0833,109.3,71.31,90,98,7.92,71.31,VN,25200,1611698827
242,campbell river,50.0163,-125.2446,37.83,93,90,4.61,39.0,CA,-28800,1611698827
243,mamlyutka,54.9375,68.5394,18.28,97,100,13.27,18.28,KZ,21600,1611698827
244,wattegama,6.7989,81.4808,67.86,86,100,6.24,67.86,LK,19800,1611698827
245,sing buri,14.85,100.2333,76.15,61,0,1.5,78.01,TH,25200,1611698827
246,jalu,29.0331,21.5482,62.55,27,38,12.77,62.55,LY,7200,1611698827
247,port augusta,-32.5,137.7667,66.79,72,90,10.36,66.99,AU,37800,1611698828
248,kurilsk,45.2333,147.8833,20.82,92,100,9.78,20.82,RU,36000,1611698828
249,divnomorskoye,44.5011,38.1353,51.42,76,100,12.1,51.42,RU,10800,1611698828
250,abu dhabi,24.4667,54.3667,65.55,77,20,3.44,68.0,AE,14400,1611698829
251,hudson bay,52.85,-102.3842,-7.24,87,32,0.92,-7.24,CA,-21600,1611698829
252,wokha,26.1,94.2667,41.18,100,0,3.2,41.18,IN,19800,1611698829
253,kemijarvi,66.7131,27.4306,16.83,97,100,4.36,16.83,FI,7200,1611698829
254,sobolevo,54.4299,31.8996,30.69,98,100,23.24,30.69,RU,10800,1611698829
255,andra,62.5147,65.8878,-1.77,91,100,5.57,-1.77,RU,18000,1611698830
256,manbij,36.5281,37.9549,39.2,65,0,4.61,39.2,SY,7200,1611698830
257,homer,59.6425,-151.5483,27.16,69,1,8.05,28.99,US,-32400,1611698830
258,vestmannaeyjar,63.4427,-20.2734,32.38,87,100,22.28,32.38,IS,0,1611698830
259,mukhen,48.1,136.1,3.25,93,100,2.98,3.25,RU,36000,1611698830
260,mancio lima,-7.6142,-72.8958,80.6,83,75,6.91,80.6,BR,-18000,1611698830
261,sur,22.5667,59.5289,65.95,64,0,5.21,65.95,OM,14400,1611698831
262,zemio,5.0314,25.1361,69.69,49,2,1.74,69.69,CF,3600,1611698831
263,billings,45.7833,-108.5007,22.41,79,90,8.05,24.01,US,-25200,1611699140
264,thompson,55.7435,-97.8558,-4.0,65,75,6.91,-4.0,CA,-21600,1611698831
265,dongning,44.0622,131.1207,6.96,87,2,4.94,6.96,CN,28800,1611698831
266,vaini,-21.2,-175.2,80.6,83,75,10.36,80.6,TO,46800,1611698832
267,arcachon,44.5875,-1.0519,43.97,93,90,3.44,46.4,FR,3600,1611698832
268,batagay,67.6333,134.6333,-49.11,73,13,1.12,-49.11,RU,36000,1611698832
269,antu,26.05,81.9167,46.9,58,0,5.06,46.9,IN,19800,1611698660
270,zhigansk,66.7697,123.3711,-49.72,75,61,8.39,-49.72,RU,32400,1611698833
271,alghero,40.5589,8.3181,43.83,81,40,2.3,46.4,IT,3600,1611698833
272,georgetown,5.4112,100.3354,76.62,88,20,1.14,78.8,MY,28800,1611698828
273,luderitz,-26.6481,15.1594,67.64,61,55,25.5,67.64,NA,7200,1611698833
274,saint george,37.1041,-113.5841,39.2,56,90,8.05,39.2,US,-25200,1611698833
275,chardara,41.2547,67.9692,33.69,87,0,5.7,33.69,KZ,21600,1611698833
276,kununurra,-15.7667,128.7333,77.0,92,100,7.25,77.0,AU,28800,1611698834
277,airai,-8.9266,125.4092,60.04,100,99,3.06,60.04,TL,32400,1611698834
278,cherskiy,68.75,161.3,-39.66,78,64,1.7,-39.66,RU,39600,1611698834
279,sokolo,14.7328,-6.1219,73.09,16,1,10.78,73.09,ML,0,1611698834
280,kokopo,-4.352,152.2633,82.35,74,100,6.02,82.35,PG,36000,1611698834
281,ajdabiya,30.7554,20.2263,61.88,75,20,22.37,61.88,LY,7200,1611698835
282,mogadishu,2.0371,45.3438,76.68,83,35,18.86,76.68,SO,10800,1611698835
283,shiyan,32.6475,110.7781,38.26,71,17,0.49,38.26,CN,28800,1611698835
284,palmer,42.1584,-72.3287,27.0,90,100,3.96,28.99,US,-18000,1611698835
285,saskylakh,71.9167,114.0833,-35.01,82,13,1.57,-35.01,RU,32400,1611698835
286,tongliao,43.6125,122.2653,-2.4,83,0,8.16,-2.4,CN,28800,1611698835
287,sychevka,55.8252,34.2736,29.3,98,100,18.79,29.3,RU,10800,1611698836
288,bandarbeyla,9.4942,50.8122,72.64,79,20,20.42,72.64,SO,10800,1611698836
289,arlit,18.7369,7.3853,67.44,17,0,9.33,67.44,NE,3600,1611698836
290,hervey bay,-25.2986,152.8535,75.2,83,17,8.05,75.2,AU,36000,1611698744
291,anadyr,64.75,177.4833,-11.09,77,0,6.71,-11.0,RU,43200,1611698837
292,inta,66.0317,60.1659,-24.61,84,92,10.6,-24.61,RU,10800,1611698837
293,horki,54.2861,30.9842,30.94,99,100,18.66,30.94,BY,10800,1611698837
294,gornyy,55.1153,83.9059,4.06,94,100,14.65,4.06,RU,25200,1611698837
295,iralaya,15.0,-83.2333,86.0,14,40,13.8,86.0,HN,-21600,1611698837
296,cockburn town,21.4612,-71.1419,75.94,77,2,18.23,75.94,TC,-18000,1611698677
297,yar-sale,66.8333,70.8333,-32.1,83,7,12.57,-32.1,RU,18000,1611698837
298,mareeba,-17.0,145.4333,78.15,69,100,4.61,82.4,AU,36000,1611698838
299,tomatlan,19.9333,-105.25,88.36,27,43,9.86,88.36,MX,-21600,1611698838
300,rovaniemi,66.5,25.7167,23.0,100,90,8.05,23.0,FI,7200,1611698838
301,centralia,46.7162,-122.9543,40.01,65,75,14.97,41.0,US,-28800,1611698673
302,salalah,17.0151,54.0924,68.0,68,0,2.3,68.0,OM,14400,1611698663
303,ende,-8.8432,121.6623,77.86,76,100,2.8,77.86,ID,28800,1611698839
304,olinda,-8.0089,-34.8553,78.8,69,75,6.91,78.8,BR,-10800,1611698839
305,isangel,-19.55,169.2667,82.4,78,75,11.5,82.4,VU,39600,1611698839
306,yamaga,33.0167,130.6833,49.69,100,73,8.41,53.01,JP,32400,1611698839
307,reconquista,-29.15,-59.65,76.68,84,92,2.71,76.68,AR,-10800,1611698839
308,ancud,-41.8697,-73.8203,54.09,55,75,10.36,60.8,CL,-10800,1611698840
309,mar del plata,-38.0023,-57.5575,75.69,78,0,5.75,77.0,AR,-10800,1611698840
310,rawson,-43.3002,-65.1023,64.69,43,81,14.58,64.69,AR,-10800,1611698840
311,tocopilla,-22.092,-70.1979,73.33,55,21,9.64,73.33,CL,-10800,1611698840
312,havre,49.5833,0.3333,36.99,75,90,12.66,39.2,FR,3600,1611698841
313,humberto de campos,-2.5983,-43.4611,77.59,85,100,5.21,77.59,BR,-10800,1611698841
314,paratinga,-12.6906,-43.1842,83.68,40,28,6.73,83.68,BR,-10800,1611698841
315,kilindoni,-7.9139,39.6668,81.16,78,2,8.43,81.16,TZ,10800,1611698841
316,hofn,64.2539,-15.2082,25.66,89,50,25.72,25.66,IS,0,1611698841
317,acapulco,16.8634,-99.8901,82.98,60,2,7.96,82.98,MX,-21600,1611698841
318,visby,57.6409,18.296,32.27,93,90,19.57,33.01,SE,3600,1611698841
319,guerrero negro,27.9769,-114.0611,61.48,48,0,18.72,61.48,MX,-25200,1611698842
320,vila franca do campo,37.7167,-25.4333,61.45,94,75,14.97,62.01,PT,-3600,1611698842
321,sterling,39.0062,-77.4286,35.4,93,90,3.44,37.4,US,-18000,1611698842
322,jiangyan,32.5061,120.1428,41.0,92,0,4.41,41.0,CN,28800,1611698842
323,mackay,-21.15,149.2,78.62,88,40,5.75,81.0,AU,36000,1611698842
324,curuca,-0.7289,-47.8481,77.67,87,100,5.01,77.67,BR,-10800,1611698842
325,talcahuano,-36.7167,-73.1167,68.0,45,0,19.57,68.0,CL,-10800,1611698843
326,namibe,-15.1961,12.1522,76.91,74,2,6.04,76.91,AO,3600,1611698843
327,gambela,8.25,34.5833,80.87,51,15,2.26,80.87,ET,10800,1611698843
328,sitka,57.0531,-135.33,35.6,51,40,6.6,35.6,US,-32400,1611698843
329,ranong,9.9658,98.6348,75.0,87,76,4.56,75.0,TH,25200,1611698843
330,oshakati,-17.7833,15.6833,71.01,81,100,16.17,71.01,NA,7200,1611698844
331,san matias,-16.3667,-58.4,87.37,60,79,4.34,87.37,BO,-14400,1611698844
332,akdepe,42.0551,59.3788,14.95,79,0,6.91,17.6,TM,18000,1611698844
333,te anau,-45.4167,167.7167,64.29,73,99,10.47,64.29,NZ,46800,1611698844
334,matara,5.9485,80.5353,70.09,87,100,6.8,70.09,LK,19800,1611698844
335,alexandria,31.2156,29.9553,57.2,77,0,4.61,57.2,EG,7200,1611698604
336,svetlaya,46.5389,138.3297,27.0,97,100,9.98,27.0,RU,36000,1611698845
337,poum,-20.2333,164.0167,80.62,74,100,12.97,80.62,NC,39600,1611698845
338,sambava,-14.2667,50.1667,76.41,85,97,5.23,76.41,MG,10800,1611698845
339,gurupa,-1.405,-51.64,75.97,95,98,3.13,75.97,BR,-10800,1611698845
340,talnakh,69.4865,88.3972,-22.79,81,100,8.63,-22.79,RU,25200,1611698846
341,faya,18.3851,42.4509,57.13,58,0,3.53,59.0,SA,10800,1611698846
342,honiara,-9.4333,159.95,80.17,81,96,8.34,80.17,SB,39600,1611699418
343,graham,47.0529,-122.2943,40.66,56,1,3.0,44.01,US,-28800,1611698706
344,boralday,43.3578,76.8594,12.2,85,90,2.24,12.2,KZ,21600,1611698847
345,samarai,-10.6167,150.6667,82.76,72,100,5.91,82.76,PG,36000,1611698847
346,diego de almagro,-26.3667,-70.05,78.89,20,0,10.69,78.89,CL,-10800,1611698848
347,iquique,-20.2208,-70.1431,73.4,64,0,25.32,73.4,CL,-10800,1611698848
348,srednekolymsk,67.45,153.6833,-31.43,83,100,10.6,-31.43,RU,39600,1611698848
349,vavozh,56.7751,51.931,17.31,97,100,7.58,17.31,RU,14400,1611698848
350,yarim,14.298,44.3779,46.08,47,30,5.48,46.08,YE,10800,1611698848
351,vicksburg,32.3526,-90.8779,69.8,28,90,3.44,69.8,US,-21600,1611698655
352,saint-joseph,-21.3667,55.6167,72.72,69,0,8.05,75.2,RE,14400,1611698849
353,juba,4.8517,31.5825,81.1,34,79,2.64,81.1,SS,10800,1611698849
354,san ramon,37.7799,-121.978,48.88,49,90,12.66,51.01,US,-28800,1611698828
355,say,13.1007,2.3689,77.0,10,0,4.61,77.0,NE,3600,1611698849
356,mantua,45.1667,10.7833,32.09,40,0,4.61,33.8,IT,3600,1611698849
357,nilo,4.306,-74.6208,66.2,45,75,9.22,66.2,CO,-18000,1611698850
358,kaitangata,-46.2817,169.8464,64.0,70,100,1.99,64.0,NZ,46800,1611698850
359,yeppoon,-23.1333,150.7333,77.0,78,14,6.91,77.0,AU,36000,1611698850
360,alta,69.9689,23.2717,15.8,79,75,8.05,15.8,NO,3600,1611698850
361,havre-saint-pierre,50.2334,-63.5986,30.2,69,90,8.05,30.2,CA,-18000,1611698850
362,uyuni,-20.4597,-66.825,58.14,32,0,20.6,58.14,BO,-14400,1611698850
363,nchelenge,-9.3451,28.734,67.77,92,100,7.65,67.77,ZM,7200,1611698851
364,gloversville,43.0528,-74.3438,23.11,100,90,5.75,25.0,US,-18000,1611698851
365,terra santa,-2.1042,-56.4869,80.78,75,29,2.71,80.78,BR,-10800,1611698851
366,selenginsk,52.0064,106.8647,-16.6,76,100,7.54,-16.6,RU,28800,1611698851
367,marfino,55.7028,37.3822,35.74,75,75,15.66,36.0,RU,10800,1611698852
368,mana,5.6592,-53.7767,77.74,83,83,11.41,77.74,GF,-10800,1611698770
369,gat,31.61,34.7642,51.57,76,0,3.44,53.01,IL,7200,1611698642
370,nang rong,14.6377,102.7914,73.99,84,77,5.39,73.99,TH,25200,1611698852
371,revda,56.801,59.9303,21.2,79,0,11.18,21.2,RU,18000,1611698852
372,belmonte,-15.8631,-38.8828,78.8,73,20,9.22,78.8,BR,-10800,1611698852
373,banda aceh,5.5577,95.3222,77.94,78,56,3.98,77.94,ID,25200,1611698606
374,kitimat,54.0524,-128.6534,28.99,80,56,5.88,28.99,CA,-28800,1611698853
375,nong phai,15.9903,101.0618,75.99,59,12,4.9,75.99,TH,25200,1611698853
376,bud,39.447,-86.1758,35.01,87,100,12.01,35.01,US,-18000,1611698853
377,bocaiuva,-17.1078,-43.815,86.0,32,0,11.5,86.0,BR,-10800,1611698853
378,lomas de sargentillo,-1.8833,-80.0833,85.5,79,100,5.66,86.0,EC,-18000,1611698853
379,roebourne,-20.7833,117.1333,84.88,23,41,11.61,84.88,AU,28800,1611698854
380,lamu,-2.2717,40.902,77.0,88,1,4.61,77.0,KE,10800,1611698854
381,grindavik,63.8424,-22.4338,26.6,50,0,16.11,26.6,IS,0,1611698854
382,karratha,-20.7377,116.8463,83.73,25,11,12.82,83.73,AU,28800,1611698854
383,madimba,-10.4,40.3333,77.81,75,31,2.8,77.81,TZ,10800,1611698854
384,boyabat,41.4689,34.7667,44.1,83,100,2.68,44.1,TR,10800,1611698854
385,kruisfontein,-34.0033,24.7314,71.01,82,91,1.01,71.01,ZA,7200,1611698855
386,malmesbury,-33.4608,18.7271,68.0,77,20,20.71,68.0,ZA,7200,1611698855
387,barmstedt,53.7833,9.7667,31.24,95,82,1.01,32.0,DE,3600,1611698855
388,kavaratti,10.5669,72.642,80.74,69,17,10.83,80.74,IN,19800,1611698855
389,chicama,-7.8447,-79.1469,80.19,52,88,10.58,80.19,PE,-18000,1611698855
390,chepo,9.1667,-79.1,78.33,99,14,12.17,88.0,PA,-18000,1611698855
391,lincoln,40.8,-96.667,20.26,73,90,13.8,21.99,US,-21600,1611698711
392,port macquarie,-31.4333,152.9167,78.94,82,4,1.72,81.0,AU,39600,1611698664
393,alizai,33.5383,70.3462,40.6,54,0,3.56,40.6,PK,18000,1611698856
394,ipixuna,-1.7625,-48.8043,78.8,94,75,3.44,78.8,BR,-10800,1611698856
395,loa janan,-0.583,117.095,72.9,97,100,1.54,72.9,ID,28800,1611698833
396,buzovna,40.5179,50.1139,28.4,100,40,2.3,28.4,AZ,14400,1611698857
397,ilulissat,69.2167,-51.1,3.31,93,100,2.26,3.31,GL,-10800,1611698857
398,gushikawa,26.3544,127.8686,63.75,77,75,14.97,66.2,JP,32400,1611698858
399,san jose,37.3394,-121.895,50.22,50,90,12.66,52.0,US,-28800,1611698612
400,ciudad bolivar,8.1222,-63.5497,87.04,47,63,12.33,87.04,VE,-14400,1611698858
401,chitral,35.8462,71.7858,24.3,60,0,7.7,24.3,PK,18000,1611698858
402,farah,32.5,62.5,36.01,58,0,0.98,36.01,AF,16200,1611698858
403,mosquera,4.7059,-74.2302,66.2,45,75,9.22,66.2,CO,-18000,1611698858
404,praya,14.9215,-23.5087,73.4,49,0,12.66,73.4,CV,-3600,1611698859
405,evensk,61.95,159.2333,-0.24,86,97,12.62,-0.24,RU,39600,1611698859
406,presidencia roque saenz pena,-26.7852,-60.4388,84.99,72,67,1.99,84.99,AR,-10800,1611698859
407,korla,41.7597,86.1469,20.03,81,0,2.93,20.03,CN,28800,1611698859
408,svolvaer,68.2342,14.5683,27.0,68,2,3.0,27.0,NO,3600,1611698859
409,waterloo,43.4668,-80.5164,25.05,80,90,10.36,26.6,CA,-18000,1611698677
410,tumpat,6.1978,102.171,75.09,94,40,1.14,75.2,MY,28800,1611698860
411,saint-michel-des-saints,46.6834,-73.9159,15.01,95,98,4.61,15.01,CA,-18000,1611698860
412,teguldet,57.3064,88.1667,-22.81,85,100,7.63,-22.81,RU,25200,1611698860
413,east london,-33.0153,27.9116,74.41,79,100,10.67,74.41,ZA,7200,1611698860
414,ust-kulom,61.6864,53.6902,22.73,97,98,4.79,22.73,RU,10800,1611698860
415,praia da vitoria,38.7333,-27.0667,64.0,88,100,8.01,64.0,PT,-3600,1611698861
416,ola,59.5833,151.2833,-8.18,85,95,10.83,-8.18,RU,39600,1611698861
417,takoradi,4.8845,-1.7554,79.47,84,77,7.34,79.47,GH,0,1611698861
418,marsh harbour,26.5412,-77.0636,76.06,76,40,10.63,76.06,BS,-18000,1611698722
419,leningradskiy,69.3833,178.4167,-18.85,86,99,8.63,-18.85,RU,43200,1611698862
420,tateyama,34.9833,139.8667,46.42,93,75,3.44,46.99,JP,32400,1611698862
421,hirara,24.8,125.2833,66.2,77,75,11.5,66.2,JP,32400,1611698862
422,sakakah,29.9697,40.2064,50.0,32,0,3.44,50.0,SA,10800,1611698862
423,geraldton,-28.7667,114.6,67.39,75,14,13.85,67.39,AU,28800,1611698862
424,puerto del rosario,28.5004,-13.8627,66.2,82,75,18.41,66.2,ES,0,1611698863
425,bardiyah,31.7561,25.0865,62.96,32,96,20.47,62.96,LY,7200,1611698863
426,laguna,38.421,-121.4238,49.3,49,75,12.66,50.0,US,-28800,1611698863
427,tongren,27.7172,109.1853,42.44,82,100,4.52,42.44,CN,28800,1611698863
428,uige,-7.6087,15.0613,67.35,93,66,0.6,67.35,AO,3600,1611698863
429,nhulunbuy,-12.2333,136.7667,82.4,83,100,10.36,82.4,AU,34200,1611698864
430,nieuw amsterdam,5.8833,-55.0833,81.0,85,100,4.0,81.0,SR,-10800,1611698864
431,namatanai,-3.6667,152.4333,82.67,75,100,6.15,82.67,PG,36000,1611698864
432,starovelichkovskaya,45.4288,38.7326,44.28,75,0,6.71,46.99,RU,10800,1611698864
433,boende,-0.2167,20.8667,74.82,77,99,1.45,74.82,CD,3600,1611698864
434,tiksi,71.6872,128.8694,-36.65,83,99,3.04,-36.65,RU,32400,1611698864
435,tarauaca,-8.1614,-70.7656,72.68,96,100,2.28,72.68,BR,-18000,1611698865
436,utinga,-5.8172,-35.3954,80.6,78,20,13.8,80.6,BR,-10800,1611698865
437,zyryanka,65.75,150.85,-31.23,83,100,10.38,-31.23,RU,39600,1611698865
438,chunoyar,57.4467,97.3217,-35.37,81,77,2.28,-35.37,RU,25200,1611698865
439,baoshan,46.5586,131.4244,1.0,91,16,8.39,1.0,CN,28800,1611698865
440,kadhan,24.481,68.9859,52.7,41,0,5.14,52.7,PK,18000,1611698865
441,kamoke,31.9744,74.2244,47.35,81,0,3.15,50.0,PK,18000,1611698865
442,staunton,38.1496,-79.0717,43.9,100,75,9.22,44.6,US,-18000,1611698866
443,mayumba,-3.432,10.6554,78.55,85,96,4.12,78.55,GA,3600,1611698866
444,cangucu,-31.395,-52.6756,76.48,94,90,5.75,77.0,BR,-10800,1611698866
445,gorontalo,0.5412,123.0595,73.18,80,100,3.91,73.18,ID,28800,1611698866
446,henties bay,-22.116,14.2845,69.01,88,74,5.66,69.01,NA,7200,1611698866
447,cap malheureux,-19.9842,57.6142,75.99,77,40,3.0,75.99,MU,14400,1611698866
448,santander,43.4647,-3.8044,56.8,100,90,9.22,57.2,ES,3600,1611698863
449,weymouth,42.2209,-70.9398,31.08,69,90,8.05,34.0,US,-18000,1611698827
450,khandyga,62.6667,135.6,-54.58,71,56,1.81,-54.58,RU,32400,1611698867
451,atar,20.5169,-13.0499,70.39,20,0,7.52,70.39,MR,0,1611698867
452,behat,30.1667,77.6167,47.39,68,0,2.62,47.39,IN,19800,1611698867
453,pokhara,28.2333,83.9833,51.35,42,0,3.67,51.35,NP,20700,1611698867
454,oriximina,-1.7656,-55.8661,78.62,86,44,4.56,78.62,BR,-10800,1611698868
455,clarksdale,34.2001,-90.5709,61.36,55,23,5.75,62.01,US,-21600,1611698868
456,gallup,35.5281,-108.7426,24.04,74,90,13.8,24.8,US,-25200,1611698822
457,la ferte-bernard,48.1863,0.6536,36.73,87,90,5.75,37.4,FR,3600,1611698868
458,havoysund,70.9963,24.6622,24.78,86,75,18.41,26.6,NO,3600,1611698868
459,zaranj,30.9667,61.8833,32.0,37,0,4.61,32.0,AF,16200,1611698868
460,ahipara,-35.1667,173.1667,73.26,65,1,2.53,73.26,NZ,46800,1611698868
461,corrales,35.2378,-106.6067,34.36,51,75,17.27,37.99,US,-25200,1611698869
462,pryazha,61.6926,33.6216,32.0,100,100,8.95,32.0,RU,10800,1611698869
463,biak,-0.9131,122.8766,76.6,74,100,5.7,76.6,ID,28800,1611698869
464,iki-burul,45.8208,44.6472,35.29,100,61,13.42,35.6,RU,10800,1611698869
465,huanren,41.2647,125.3667,13.35,90,0,2.59,13.35,CN,28800,1611698869
466,gambiran,-6.7988,111.4951,74.21,93,100,3.53,74.21,ID,25200,1611698869
467,ocean city,39.2776,-74.5746,42.94,93,90,10.36,43.0,US,-18000,1611698870
468,bilma,18.6853,12.9164,62.58,22,0,5.79,62.58,NE,3600,1611698870
469,kirakira,-10.4544,161.9205,84.29,76,58,14.34,84.29,SB,39600,1611698870
470,bhan,26.5583,67.7214,49.17,44,0,3.0,49.17,PK,18000,1611698870
471,batsfjord,70.6345,29.7185,22.59,93,75,24.16,24.8,NO,3600,1611698870
472,estelle,29.8458,-90.1067,68.0,72,90,5.75,69.01,US,-21600,1611698870
473,nago,26.5881,127.9761,63.82,77,75,14.97,66.2,JP,32400,1611698710
474,talas,38.6908,35.5538,33.8,86,75,2.3,33.8,TR,10800,1611698871
475,santa marta de tormes,40.9506,-5.6272,53.53,100,90,10.36,55.0,ES,3600,1611698871
476,viedma,-40.8135,-62.9967,69.01,58,7,1.01,69.01,AR,-10800,1611698871
477,ust-maya,60.4167,134.5333,-48.15,75,100,2.13,-48.15,RU,32400,1611698871
478,najran,17.4924,44.1277,57.2,41,0,2.01,57.2,SA,10800,1611698871
479,caucaia,-3.7361,-38.6531,81.68,74,75,6.91,82.4,BR,-10800,1611698734
480,mariental,-24.6333,17.9667,82.51,19,76,24.67,82.51,NA,7200,1611698872
481,mae ramat,16.984,98.5166,64.65,67,23,1.54,64.65,TH,25200,1611698872
482,valparaiso,-33.0393,-71.6273,65.01,68,0,10.36,66.0,CL,-10800,1611698800
483,port lincoln,-34.7333,135.8667,62.83,74,98,13.71,62.83,AU,37800,1611698872
484,biloela,-24.4167,150.5,76.93,65,0,3.2,76.93,AU,36000,1611698872
485,vila,42.0304,-8.1588,54.0,97,99,7.0,54.0,PT,0,1611698873
486,jaisalmer,26.9147,70.9181,52.2,37,0,7.34,52.2,IN,19800,1611698873
487,elizabethtown,37.694,-85.8591,45.61,81,90,10.36,48.2,US,-18000,1611698650
488,shiraz,29.6036,52.5388,46.4,36,0,5.82,46.4,IR,12600,1611698873
489,tigil,57.8,158.6667,-0.51,93,100,6.04,-0.51,RU,43200,1611698873
490,hangu,39.2489,117.7892,25.3,68,31,4.47,26.6,CN,28800,1611698873
491,yulara,-25.2406,130.9889,75.2,83,75,9.22,75.2,AU,34200,1611698873
492,durant,33.994,-96.3708,50.72,54,1,9.22,51.8,US,-21600,1611698874
493,vila velha,-20.3297,-40.2925,82.11,74,20,13.8,86.0,BR,-10800,1611698874
494,okahandja,-21.9833,16.9167,63.36,100,100,3.44,64.0,NA,7200,1611698874
495,shenzhen,22.5455,114.0683,62.8,82,7,6.73,66.99,CN,28800,1611698874
496,goderich,43.7501,-81.7165,26.6,86,100,9.22,26.6,CA,-18000,1611698874
497,manama,26.2154,50.5832,62.6,82,0,6.91,62.6,BH,10800,1611698875
498,lethem,3.3803,-59.7968,86.0,66,75,13.8,86.0,GY,-14400,1611698875
499,jiangyou,31.7667,104.7167,44.26,78,75,1.63,44.26,CN,28800,1611698875
500,nantucket,41.2835,-70.0995,32.47,93,90,5.75,33.01,US,-18000,1611698648
501,cayenne,4.9333,-52.3333,78.8,94,90,3.44,78.8,GF,-10800,1611698875
502,amarante do maranhao,-5.5667,-46.7422,74.86,93,99,3.67,74.86,BR,-10800,1611698875
503,iberia,29.9502,-91.7507,69.84,53,90,5.75,71.6,US,-21600,1611698876
504,albacete,38.8333,-2.0,51.8,93,40,5.75,51.8,ES,3600,1611698876
505,paragominas,-2.9667,-47.4833,75.27,95,94,3.69,75.27,BR,-10800,1611698876
506,tual,-5.6667,132.75,83.03,78,100,21.47,83.03,ID,32400,1611698831
507,casino,-28.8667,153.05,73.65,83,1,3.44,75.99,AU,39600,1611698877
508,ryotsu,38.0833,138.4333,49.44,82,100,12.01,49.44,JP,32400,1611698877
509,antalaha,-14.9003,50.2788,75.27,86,99,4.43,75.27,MG,10800,1611698877
510,yenagoa,4.9247,6.2642,79.56,80,66,5.21,79.56,NG,3600,1611698877
511,de-kastri,51.4667,140.7833,0.07,91,100,4.52,0.07,RU,36000,1611698877
512,gonbad-e qabus,37.25,55.1672,35.6,80,0,1.48,35.6,IR,12600,1611698877
513,kharp,66.8014,65.8081,-27.47,82,48,2.53,-27.47,RU,18000,1611698878
514,punta de bombon,-17.1717,-71.7931,72.81,72,50,8.63,72.81,PE,-18000,1611698878
515,san quintin,30.4833,-115.95,56.59,52,3,17.11,56.59,MX,-28800,1611698878
516,alice springs,-23.7,133.8833,77.0,83,40,9.22,77.0,AU,34200,1611698878
517,loandjili,-4.7561,11.8578,77.0,94,20,1.14,77.0,CG,3600,1611698878
518,yangambi,0.8102,24.4336,70.66,96,64,2.86,70.66,CD,7200,1611698879
519,galle,6.0367,80.217,74.03,81,100,0.89,74.03,LK,19800,1611698879
520,visnes,59.3556,5.2242,23.0,100,20,6.91,23.0,NO,3600,1611698879
521,chimbote,-9.0853,-78.5783,75.29,63,92,10.2,75.29,PE,-18000,1611698879
522,jacareacanga,-6.2222,-57.7528,78.33,92,96,2.93,78.33,BR,-10800,1611698879
523,lagos,6.5833,3.75,79.56,81,63,6.2,79.56,NG,3600,1611698879
524,shingu,33.7333,135.9833,55.62,87,53,4.72,55.62,JP,32400,1611698880
525,xuanhua,40.6103,115.0447,20.3,78,100,0.25,20.3,CN,28800,1611698880
526,svetlogorsk,52.6333,29.7333,31.41,97,100,23.22,31.41,BY,10800,1611698880
527,san patricio,28.017,-97.5169,79.41,61,75,10.36,82.4,US,-21600,1611698880
528,presidente epitacio,-21.7633,-52.1156,75.69,82,100,1.54,75.69,BR,-10800,1611698591
529,amapa,1.0,-52.0,74.46,91,100,3.15,74.46,BR,-10800,1611698880
530,nemuro,43.3236,145.575,31.42,99,100,23.17,31.42,JP,32400,1611698881
531,kamaishi,39.2667,141.8833,46.29,84,100,9.33,46.29,JP,32400,1611698881
532,pangnirtung,66.1451,-65.7125,-2.2,78,1,5.75,-2.2,CA,-18000,1611698881
533,monteria,8.748,-75.8814,88.05,55,2,9.04,88.05,CO,-18000,1611698714
534,ankpa,7.3706,7.6253,78.24,17,23,1.88,78.24,NG,3600,1611698881
535,samandag,36.0842,35.9771,41.0,100,75,3.44,41.0,TR,10800,1611698881
536,collie,-33.3667,116.15,57.11,87,39,4.97,57.11,AU,28800,1611698882
537,camacupa,-12.0167,17.4833,61.99,96,100,7.05,61.99,AO,3600,1611698882
538,smithers,54.7804,-127.1743,21.2,86,75,3.44,21.2,CA,-28800,1611698882
539,flinders,-34.5833,150.8552,69.3,84,100,7.0,71.01,AU,39600,1611698882
540,pavlodar,52.3,76.95,26.6,86,0,15.66,26.6,KZ,21600,1611698613
541,berlevag,70.8578,29.0864,23.45,80,75,32.21,24.8,NO,3600,1611698882
542,bilibino,68.0546,166.4372,-21.55,82,58,6.49,-21.55,RU,43200,1611698883
543,mehamn,71.0357,27.8492,26.6,68,90,20.71,26.6,NO,3600,1611698883
544,perehonivka,48.5355,30.5192,31.93,93,100,7.16,31.93,UA,7200,1611698883
545,olden,61.8364,6.8064,19.53,93,75,5.75,26.6,NO,3600,1611698883
546,touros,-5.1989,-35.4608,79.7,74,66,14.85,79.7,BR,-10800,1611698883
547,medowie,-32.7333,151.8667,73.54,88,75,18.41,75.2,AU,39600,1611698883
548,chopovychi,50.8332,28.9533,29.12,95,80,16.04,29.12,UA,7200,1611698884
549,tagoloan,8.5167,124.7833,73.99,94,96,4.34,73.99,PH,28800,1611698884
550,baykit,61.67,96.37,-44.82,72,57,2.17,-44.82,RU,25200,1611698884
551,ayacucho,-13.1583,-74.2239,69.91,41,91,3.33,69.91,PE,-18000,1611698884
552,road town,18.4167,-64.6167,77.61,73,40,11.5,78.01,VG,-14400,1611698884
553,san pedro,14.35,121.0167,77.86,89,75,1.14,78.8,PH,28800,1611698884
554,ixtapa,20.7,-105.2,73.0,74,21,7.0,73.0,MX,-21600,1611698885
555,yamada,39.4667,141.95,43.97,87,100,5.73,43.97,JP,32400,1611698885
556,ucluelet,48.9329,-125.5528,42.28,65,90,12.66,43.0,CA,-28800,1611698879
557,ascension,30.2169,-90.9001,69.33,56,90,3.44,69.8,US,-21600,1611698885
558,imbituba,-28.24,-48.6703,78.8,83,75,11.5,78.8,BR,-10800,1611698885
559,quang ngai,15.1167,108.8,68.9,88,95,2.75,68.9,VN,25200,1611698885
560,westport,41.1415,-73.3579,30.29,93,90,13.8,32.0,US,-18000,1611698885
561,verkhnedneprovskiy,54.9813,33.3457,29.93,98,100,18.92,29.93,RU,10800,1611698886
562,nara,34.6851,135.8049,52.63,93,75,9.22,54.0,JP,32400,1611698886
563,coihueco,-36.6167,-71.8333,82.4,23,0,9.22,82.4,CL,-10800,1611698659
564,maridi,4.9158,29.4742,77.0,43,37,2.37,77.0,SS,10800,1611698886
565,matay,28.419,30.7792,52.07,43,100,3.09,52.07,EG,7200,1611698886
566,bindura,-17.3019,31.3306,64.0,88,70,4.0,64.0,ZW,7200,1611698886
567,holoby,51.0865,25.0077,29.19,97,99,15.77,29.19,UA,7200,1611698887
568,katangli,51.7102,143.2326,1.65,94,100,7.74,1.65,RU,39600,1611698887
569,shirdi,19.7667,74.4833,63.23,42,58,4.23,63.23,IN,19800,1611698887
570,chandbali,20.7833,86.7667,64.44,81,0,5.79,64.44,IN,19800,1611698887
571,bulgan,48.8125,103.5347,-11.31,79,21,4.88,-11.31,MN,28800,1611698887
572,kloulklubed,7.0419,134.2556,81.37,73,100,17.22,81.37,PW,32400,1611698888
573,garowe,8.4054,48.4845,64.6,76,0,12.28,64.6,SO,10800,1611698714
574,tofte,59.5428,10.5614,17.73,89,0,3.0,19.99,NO,3600,1611698888
575,jalpan,21.2333,-99.4833,88.66,22,19,5.59,88.66,MX,-21600,1611698888
576,nsanje,-16.92,35.262,74.16,94,100,1.63,74.16,MW,7200,1611698888
577,sinnamary,5.3833,-52.95,77.97,84,54,13.49,77.97,GF,-10800,1611698888
578,pemangkat,1.1667,108.9667,78.03,86,100,6.71,78.03,ID,25200,1611698832
579,komsomolskiy,40.4272,71.7189,23.0,80,12,4.61,23.0,UZ,18000,1611698889
580,yakeshi,49.2833,120.7333,-16.62,88,73,9.55,-16.62,CN,28800,1611698889
581,port-cartier,50.0334,-66.8654,32.0,64,99,4.61,32.0,CA,-18000,1611698889
582,bonnyville,54.2668,-110.735,-4.0,65,90,8.05,-4.0,CA,-25200,1611698889
583,byron bay,-28.65,153.6167,74.34,83,9,6.87,75.99,AU,39600,1611698708
584,la ronge,55.1001,-105.2842,-20.2,69,37,3.44,-20.2,CA,-21600,1611698890
585,neyvo-shaytanskiy,57.7286,61.2496,24.12,96,99,10.85,24.12,RU,18000,1611698890
586,kananga,-5.8958,22.4178,69.67,89,99,3.76,69.67,CD,7200,1611698890
587,trincomalee,8.5711,81.2335,77.11,71,92,12.91,77.11,LK,19800,1611698890
588,sao domingos do prata,-19.865,-42.9683,70.56,83,57,3.65,70.56,BR,-10800,1611698890
589,polunochnoye,60.8697,60.4153,21.25,95,86,8.34,21.25,RU,18000,1611698891
