,City,Latitude,Longitude,Temperature,Humidity,Cloudiness,Wind Speed,Maximum Speed,Country,Time Zone,Date and Time,Maximum Temperature
0,dikson,73.5069,80.5464,-21.69,86,100,8.39,-21.69,RU,25200,1611771322,-21.69
1,andros town,24.7,-77.7667,78.8,78,40,13.8,78.8,BS,-18000,1611771470,78.8
2,bonavista,48.6499,-53.1147,27.39,93,81,3.44,28.99,CA,-12600,1611771179,28.99
3,rudnogorsk,57.2639,103.7519,-24.45,85,100,3.89,-24.45,RU,28800,1611771470,-24.45
4,sao jose da coroa grande,-8.8978,-35.1478,81.37,74,91,11.05,81.37,BR,-10800,1611771470,81.37
5,natal,-5.795,-35.2094,86.0,66,40,20.71,86.0,BR,-10800,1611771384,86.0
6,east london,-33.0153,27.9116,68.0,88,75,5.75,68.0,ZA,7200,1611771284,68.0
7,caravelas,-17.7125,-39.2481,83.75,57,100,9.31,83.75,BR,-10800,1611771393,83.75
8,beloha,-25.1667,45.05,77.85,77,12,14.97,77.85,MG,10800,1611771401,77.85
9,punta arenas,-53.15,-70.9167,50.0,50,75,26.46,50.0,CL,-10800,1611771252,50.0
10,west wendover,40.7391,-114.0733,28.4,80,75,6.64,28.4,US,-25200,1611771393,28.4
11,leningradskiy,69.3833,178.4167,-19.1,87,100,3.67,-19.1,RU,43200,1611771335,-19.1
12,bluff,-46.6,168.3333,48.99,87,67,15.01,48.99,NZ,46800,1611770880,48.99
13,matara,5.9485,80.5353,74.97,79,72,4.21,74.97,LK,19800,1611771373,74.97
14,port alfred,-33.5906,26.891,66.0,94,91,1.99,66.0,ZA,7200,1611771314,66.0
15,tasiilaq,65.6145,-37.6368,21.2,45,90,24.16,21.2,GL,-10800,1611770908,21.2
16,dolinsk,47.35,142.8,17.6,73,75,8.95,17.6,RU,39600,1611771472,17.6
17,kapaa,22.0752,-159.319,73.18,88,90,13.8,73.4,US,-36000,1611770983,73.4
18,cidreira,-30.1811,-50.2056,80.64,74,98,8.57,80.64,BR,-10800,1611771308,80.64
19,thinadhoo,0.5333,72.9333,81.66,76,31,19.89,81.66,MV,18000,1611771373,81.66
20,jamestown,42.097,-79.2353,25.59,80,90,5.93,26.01,US,-18000,1611771126,26.01
21,otanche,5.6567,-74.1825,82.26,56,33,3.69,82.26,CO,-18000,1611771473,82.26
22,rikitea,-23.1203,-134.9692,79.7,72,1,13.89,79.7,PF,-32400,1611771282,79.7
23,bredasdorp,-34.5322,20.0403,64.4,55,80,3.44,64.4,ZA,7200,1611771148,64.4
24,saint-philippe,-21.3585,55.7679,75.22,69,20,5.53,80.6,RE,14400,1611771315,80.6
25,albany,42.6001,-73.9662,29.8,63,93,15.01,30.99,US,-18000,1611770884,30.99
26,zemio,5.0314,25.1361,83.07,27,45,3.69,83.07,CF,3600,1611771473,83.07
27,bilibino,68.0546,166.4372,-10.25,84,100,6.26,-10.25,RU,43200,1611771331,-10.25
28,margate,51.3813,1.3862,48.0,84,100,6.53,48.0,GB,0,1611771348,48.0
29,mar del plata,-38.0023,-57.5575,69.8,56,0,13.8,69.8,AR,-10800,1611771308,69.8
30,hermanus,-34.4187,19.2345,66.99,67,57,9.08,66.99,ZA,7200,1611771084,66.99
31,namibe,-15.1961,12.1522,76.44,73,88,11.01,76.44,AO,3600,1611771454,76.44
32,hasaki,35.7333,140.8333,36.84,75,75,10.36,37.4,JP,32400,1611771266,37.4
33,wuwei,37.9281,102.6414,20.17,76,0,2.13,20.17,CN,28800,1611771474,20.17
34,paamiut,61.994,-49.6678,24.75,83,27,6.93,24.75,GL,-10800,1611771355,24.75
35,chokurdakh,70.6333,147.9167,-18.13,87,100,14.0,-18.13,RU,39600,1611771329,-18.13
36,puerto baquerizo moreno,-0.9,-89.6,82.4,83,75,12.66,82.4,EC,-21600,1611771475,82.4
37,ulladulla,-35.35,150.4667,62.65,94,90,5.75,66.0,AU,39600,1611771475,66.0
38,ambon,-3.6954,128.1814,78.8,83,40,2.3,78.8,ID,32400,1611771475,78.8
39,pitimbu,-7.4706,-34.8086,86.0,62,40,14.97,86.0,BR,-10800,1611771475,86.0
40,bethel,41.3712,-73.414,33.24,69,90,12.66,34.0,US,-18000,1611771335,34.0
41,mon,26.75,95.1,55.08,79,0,3.15,55.08,IN,19800,1611771476,55.08
42,hithadhoo,-0.6,73.0833,81.09,80,19,15.57,81.09,MV,18000,1611770977,81.09
43,ushuaia,-54.8,-68.3,44.6,70,40,19.57,44.6,AR,-10800,1611770920,44.6
44,nome,64.5011,-165.4064,5.0,78,1,9.22,5.0,US,-32400,1611771297,5.0
45,busselton,-33.65,115.3333,49.1,84,0,11.16,51.01,AU,28800,1611771289,51.01
46,kavieng,-2.5744,150.7967,83.1,74,70,10.29,83.1,PG,36000,1611771398,83.1
47,mount isa,-20.7333,139.5,82.4,61,40,18.41,82.4,AU,36000,1611771152,82.4
48,hobart,-42.8794,147.3294,53.89,58,90,6.91,54.0,AU,39600,1611770991,54.0
49,mataura,-46.1927,168.8643,48.0,87,62,13.0,48.0,NZ,46800,1611771289,48.0
50,bathsheba,13.2167,-59.5167,82.4,65,40,19.57,82.4,BB,-14400,1611771321,82.4
51,price,39.5994,-110.8107,21.2,86,90,6.91,21.2,US,-25200,1611771477,21.2
52,guerrero negro,27.9769,-114.0611,59.94,45,100,5.53,59.94,MX,-25200,1611771388,59.94
53,longyearbyen,78.2186,15.6401,5.0,66,20,14.97,5.0,SJ,3600,1611771330,5.0
54,panguna,-6.3164,155.4848,70.11,99,91,1.21,70.11,PG,39600,1611771478,70.11
55,coihaique,-45.5752,-72.0662,55.4,58,75,11.5,55.4,CL,-10800,1611771478,55.4
56,samarai,-10.6167,150.6667,80.6,83,100,12.57,80.6,PG,36000,1611771478,80.6
57,kodiak,57.79,-152.4072,28.4,86,90,1.16,28.4,US,-32400,1611770977,28.4
58,norman wells,65.282,-126.8329,-32.8,68,40,3.44,-32.8,CA,-25200,1611771282,-32.8
59,ancud,-41.8697,-73.8203,54.34,77,75,12.66,59.0,CL,-10800,1611771242,59.0
60,butaritari,3.0707,172.7902,80.29,79,44,12.03,80.29,KI,43200,1611771323,80.29
61,makungu,-8.7333,35.2833,64.42,91,83,1.63,64.42,TZ,10800,1611771479,64.42
62,osypenko,46.9136,36.8253,34.0,53,100,11.99,34.0,UA,7200,1611771479,34.0
63,kupang,-10.1667,123.5833,79.48,82,100,8.59,79.48,ID,28800,1611771376,79.48
64,nuuk,64.1835,-51.7216,19.2,68,1,16.11,19.4,GL,-10800,1611771318,19.4
65,louviers,49.2167,1.1667,47.73,100,90,11.5,48.2,FR,3600,1611771479,48.2
66,bengkulu,-3.8004,102.2655,74.79,93,100,9.1,74.79,ID,25200,1611771326,74.79
67,olafsvik,64.8945,-23.7142,30.47,88,100,17.29,30.47,IS,0,1611771302,30.47
68,vaini,-21.2,-175.2,75.2,94,75,10.36,75.2,TO,46800,1611771298,75.2
69,pevek,69.7008,170.3133,-25.19,86,100,2.8,-25.19,RU,43200,1611770996,-25.19
70,saldanha,-33.0117,17.9442,66.2,59,0,20.71,66.2,ZA,7200,1611771280,66.2
71,cape town,-33.9258,18.4232,68.04,68,20,23.02,70.0,ZA,7200,1611771075,70.0
72,ambilobe,-13.2,49.05,76.5,89,100,0.87,76.5,MG,10800,1611771423,76.5
73,castro,-24.7911,-50.0119,74.32,87,100,9.35,74.32,BR,-10800,1611770886,74.32
74,tuktoyaktuk,69.4541,-133.0374,-18.4,76,40,5.75,-18.4,CA,-25200,1611771326,-18.4
75,esperance,-33.8667,121.9,62.6,88,90,5.75,62.6,AU,28800,1611771294,62.6
76,fiumicino,41.7675,12.2291,43.92,75,0,2.3,46.99,IT,3600,1611771481,46.99
77,arraial do cabo,-22.9661,-42.0278,88.25,51,0,27.63,91.4,BR,-10800,1611771129,91.4
78,kruisfontein,-34.0033,24.7314,66.99,85,68,4.0,66.99,ZA,7200,1611771481,66.99
79,kuito,-12.3833,16.9333,67.15,63,98,0.31,67.15,AO,3600,1611771323,67.15
80,luderitz,-26.6481,15.1594,70.48,54,0,33.15,70.48,NA,7200,1611771455,70.48
81,corinth,37.9407,22.9573,46.99,27,36,1.01,46.99,GR,7200,1611771482,46.99
82,saint-joseph,-21.3667,55.6167,78.75,69,20,5.7,80.6,RE,14400,1611771482,80.6
83,kannod,22.6667,76.7333,58.68,35,0,6.73,58.68,IN,19800,1611771482,58.68
84,narsaq,60.9167,-46.05,37.4,32,75,37.98,37.4,GL,-10800,1611771305,37.4
85,atuona,-9.8,-139.0333,78.13,77,4,15.35,78.13,PF,-34200,1611771280,78.13
86,lebu,-37.6167,-73.65,61.38,65,88,8.93,61.38,CL,-10800,1611771318,61.38
87,gizo,-8.103,156.8419,83.41,78,92,11.9,83.41,SB,39600,1611771393,83.41
88,naze,28.3667,129.4833,56.75,73,38,10.31,56.75,JP,32400,1611771483,56.75
89,gubkinskiy,64.434,76.5026,-40.65,80,15,9.55,-40.65,RU,18000,1611771483,-40.65
90,qaanaaq,77.484,-69.3632,-14.66,64,0,7.09,-14.66,GL,-14400,1611771115,-14.66
91,saint george,37.1041,-113.5841,38.62,60,90,16.11,39.99,US,-25200,1611771281,39.99
92,boundiali,9.5217,-6.4869,90.34,12,29,3.8,90.34,CI,0,1611771371,90.34
93,tuatapere,-46.1333,167.6833,48.0,87,72,13.0,48.0,NZ,46800,1611771334,48.0
94,puerto ayora,-0.7393,-90.3518,82.24,70,75,13.8,84.2,EC,-21600,1611771293,84.2
95,bilma,18.6853,12.9164,70.79,20,0,10.87,70.79,NE,3600,1611771145,70.79
96,chapais,49.7834,-74.8492,21.2,79,90,9.22,21.2,CA,-18000,1611771462,21.2
97,waingapu,-9.6567,120.2641,78.06,83,94,10.22,78.06,ID,28800,1611771484,78.06
98,saskylakh,71.9167,114.0833,-43.01,79,79,1.7,-43.01,RU,32400,1611771291,-43.01
99,hilo,19.7297,-155.09,66.76,83,90,3.44,69.8,US,-36000,1611770815,69.8
100,batsfjord,70.6345,29.7185,21.47,73,75,23.02,24.8,NO,3600,1611771485,24.8
101,tiksi,71.6872,128.8694,-38.04,83,96,2.44,-38.04,RU,32400,1611771032,-38.04
102,zhanakorgan,43.9098,67.2495,26.17,87,0,3.98,26.17,KZ,18000,1611771421,26.17
103,khatanga,71.9667,102.5,-28.97,80,1,8.05,-28.97,RU,25200,1611771346,-28.97
104,velikiy ustyug,60.7644,46.3106,34.47,96,99,12.01,34.47,RU,10800,1611771485,34.47
105,baykit,61.67,96.37,-28.84,79,100,4.79,-28.84,RU,25200,1611771486,-28.84
106,mahebourg,-20.4081,57.7,77.0,83,20,6.91,77.0,MU,14400,1611771347,77.0
107,bulgan,48.8125,103.5347,-12.46,79,2,3.02,-12.46,MN,28800,1611771391,-12.46
108,ola,59.5833,151.2833,-14.71,82,0,9.01,-14.71,RU,39600,1611771486,-14.71
109,atar,20.5169,-13.0499,85.73,11,0,11.34,85.73,MR,0,1611771486,85.73
110,krasnyy yar,46.5331,48.3456,31.01,69,0,15.66,32.0,RU,14400,1611771487,32.0
111,kota tinggi,1.7381,103.8999,74.71,88,20,1.14,75.2,MY,28800,1611771487,75.2
112,port lincoln,-34.7333,135.8667,63.77,82,0,12.66,63.77,AU,37800,1611771333,63.77
113,verkhovazhye,60.7472,42.0465,28.78,97,99,10.02,28.78,RU,10800,1611771488,28.78
114,havelock,34.8791,-76.9013,50.23,93,90,2.82,51.01,US,-18000,1611771488,51.01
115,clyde river,70.4692,-68.5914,-7.6,77,40,2.3,-7.6,CA,-18000,1611771419,-7.6
116,yichun,47.7,128.9,-9.58,91,97,0.85,-9.58,CN,28800,1611771488,-9.58
117,college,64.8569,-147.8028,-13.29,69,40,2.77,-5.01,US,-32400,1611771488,-5.01
118,talnakh,69.4865,88.3972,-21.08,85,100,4.18,-21.08,RU,25200,1611771307,-21.08
119,kabare,-2.4683,28.8242,62.01,81,43,2.04,62.01,CD,7200,1611771488,62.01
120,alofi,-19.0595,-169.9187,75.2,94,100,5.75,75.2,NU,-39600,1611771093,75.2
121,inuvik,68.3499,-133.7218,-13.0,77,100,4.61,-13.0,CA,-25200,1611771489,-13.0
122,port elizabeth,-33.918,25.5701,66.2,94,75,6.91,66.2,ZA,7200,1611771280,66.2
123,ulaanbaatar,47.9077,106.8832,-34.6,67,47,2.24,-34.6,MN,28800,1611771490,-34.6
124,ponta do sol,32.6667,-17.1,63.03,88,20,9.22,64.4,PT,0,1611771341,64.4
125,shimoda,34.6667,138.95,39.99,71,79,1.99,39.99,JP,32400,1611771093,39.99
126,oster,50.9506,30.8823,32.43,100,100,8.95,33.01,UA,7200,1611771490,33.01
127,westport,41.1415,-73.3579,35.69,69,90,8.05,37.0,US,-18000,1611771398,37.0
128,vanimo,-2.6741,141.3028,77.0,87,100,6.44,77.0,PG,36000,1611771238,77.0
129,roma,43.2128,-75.4557,26.82,74,90,9.22,28.0,US,-18000,1611771340,28.0
130,atambua,-9.1061,124.8925,74.82,87,100,5.08,74.82,ID,28800,1611771491,74.82
131,upernavik,72.7868,-56.1549,-0.87,91,100,3.09,-0.87,GL,-10800,1611771312,-0.87
132,lorengau,-2.0226,147.2712,81.93,79,100,7.34,81.93,PG,36000,1611771386,81.93
133,new norfolk,-42.7826,147.0587,51.08,59,83,0.38,54.0,AU,39600,1611771319,54.0
134,cherskiy,68.75,161.3,-23.96,85,100,3.56,-23.96,RU,39600,1611771300,-23.96
135,nara,34.6851,135.8049,38.19,73,84,2.35,41.0,JP,32400,1611771491,41.0
136,shache,38.4167,77.2406,23.83,83,0,3.2,23.83,CN,28800,1611771492,23.83
137,fairmont,39.4851,-80.1426,31.87,72,64,1.01,33.01,US,-18000,1611771467,33.01
138,nikolskoye,59.7035,30.7861,31.91,93,75,6.71,33.8,RU,10800,1611771320,33.8
139,sokolo,14.7328,-6.1219,84.31,10,0,9.35,84.31,ML,0,1611771492,84.31
140,srednekolymsk,67.45,153.6833,-25.19,86,100,9.37,-25.19,RU,39600,1611771400,-25.19
141,moron,-34.6534,-58.6198,89.26,32,0,5.01,91.99,AR,-10800,1611771396,91.99
142,ihosy,-22.4,46.1167,73.51,82,38,10.49,73.51,MG,10800,1611771493,73.51
143,bud,39.447,-86.1758,30.63,84,96,9.64,30.99,US,-18000,1611771493,30.99
144,kununurra,-15.7667,128.7333,78.8,100,90,10.36,78.8,AU,28800,1611771493,78.8
145,pangody,65.85,74.4859,-40.13,81,58,5.68,-40.13,RU,18000,1611771493,-40.13
146,esso,55.9333,158.7,5.38,87,96,6.35,5.38,RU,43200,1611771254,5.38
147,temuco,-38.7333,-72.6,66.2,55,75,10.36,66.2,CL,-10800,1611771493,66.2
148,takhli,15.2634,100.3438,78.01,81,29,1.77,78.01,TH,25200,1611771493,78.01
149,ionia,42.9873,-85.0711,25.14,58,90,6.91,27.0,US,-18000,1611771494,27.0
150,thompson,55.7435,-97.8558,-14.8,76,75,4.61,-14.8,CA,-21600,1611771140,-14.8
151,los llanos de aridane,28.6585,-17.9182,63.75,77,75,8.05,68.0,ES,0,1611771494,68.0
152,coahuayana,18.7333,-103.6833,86.05,42,63,5.12,86.05,MX,-21600,1611771494,86.05
153,barrow,71.2906,-156.7887,-13.0,84,90,4.61,-13.0,US,-32400,1611771306,-13.0
154,richards bay,-28.783,32.0377,74.26,96,100,7.18,74.26,ZA,7200,1611771408,74.26
155,aklavik,68.2191,-135.0107,-13.0,77,100,4.61,-13.0,CA,-25200,1611771494,-13.0
156,fortuna,40.5982,-124.1573,45.5,93,75,21.85,46.0,US,-28800,1611771323,46.0
157,kemin,42.7846,75.6892,25.32,75,0,4.99,25.32,KG,21600,1611771495,25.32
158,boa vista,2.8197,-60.6733,87.8,48,75,9.22,87.8,BR,-14400,1611771495,87.8
159,petrovec,41.9389,21.615,32.0,59,20,2.3,32.0,MK,3600,1611771495,32.0
160,sitka,57.0531,-135.33,26.6,43,1,4.61,26.6,US,-32400,1611771307,26.6
161,keroka,-0.7758,34.9453,59.92,68,74,0.65,59.92,KE,10800,1611771495,59.92
162,wewak,-3.5534,143.6268,78.96,84,100,6.49,78.96,PG,36000,1611771496,78.96
163,kysyl-syr,63.8986,122.7617,-47.43,76,90,3.49,-47.43,RU,32400,1611771496,-47.43
164,lumeje,-11.55,20.7833,68.86,86,70,3.04,68.86,AO,3600,1611771496,68.86
165,santa maria,-29.6842,-53.8069,74.77,93,99,6.42,74.77,BR,-10800,1611771496,74.77
166,aketi,2.7388,23.7833,78.15,70,56,3.94,78.15,CD,7200,1611771496,78.15
167,ilulissat,69.2167,-51.1,8.6,61,40,2.3,8.6,GL,-10800,1611771213,8.6
168,pangnirtung,66.1451,-65.7125,-2.2,78,1,1.54,-2.2,CA,-18000,1611771294,-2.2
169,sao joao da barra,-21.6403,-41.0511,86.0,45,0,25.32,86.0,BR,-10800,1611771369,86.0
170,linqiong,30.4159,103.4609,45.55,93,46,2.24,48.99,CN,28800,1611771497,48.99
171,cabo san lucas,22.8909,-109.9124,70.68,42,100,8.01,72.0,MX,-25200,1611771063,72.0
172,lazaro cardenas,17.9583,-102.2,82.38,57,87,5.53,82.38,MX,-21600,1611771497,82.38
173,doha,25.2867,51.5333,65.86,52,0,3.44,68.0,QA,10800,1611771497,68.0
174,santa rosa,14.3122,121.1114,77.0,94,40,2.3,77.0,PH,28800,1611771498,77.0
175,wattegama,6.7989,81.4808,71.08,83,100,6.02,71.08,LK,19800,1611771498,71.08
176,port hedland,-20.3167,118.5667,80.6,74,2,8.05,80.6,AU,28800,1611771382,80.6
177,carnarvon,-24.8667,113.6333,71.6,83,0,18.41,71.6,AU,28800,1611771287,71.6
178,ribeira grande,38.5167,-28.7,59.0,82,75,25.32,59.0,PT,-3600,1611771338,59.0
179,san patricio,28.017,-97.5169,70.5,23,75,20.71,71.6,US,-21600,1611771303,71.6
180,faya,18.3851,42.4509,59.86,58,0,5.75,60.8,SA,10800,1611771079,60.8
181,juegang,32.3174,121.1855,45.0,77,100,5.32,45.0,CN,28800,1611771499,45.0
182,victoria,22.2855,114.1577,62.04,85,29,9.6,64.0,HK,28800,1611771254,64.0
183,chuy,-33.6971,-53.4616,81.07,64,90,9.64,81.07,UY,-10800,1611771331,81.07
184,provideniya,64.3833,-173.3,-0.83,88,97,25.9,-0.83,RU,43200,1611771335,-0.83
185,jinxi,30.4323,116.2922,47.28,90,99,2.04,47.28,CN,28800,1611771499,47.28
186,avarua,-21.2078,-159.775,84.2,70,20,17.27,84.2,CK,-36000,1611771282,84.2
187,kalanwali,29.85,74.95,49.12,40,0,4.21,49.12,IN,19800,1611771500,49.12
188,marzuq,14.4,46.4667,60.49,57,0,1.92,60.49,YE,10800,1611771357,60.49
189,la serena,-29.9078,-71.2542,68.0,68,0,16.11,68.0,CL,-10800,1611771500,68.0
190,vao,-22.6667,167.4833,77.47,86,100,23.58,77.47,NC,39600,1611771500,77.47
191,boende,-0.2167,20.8667,71.67,94,96,1.61,71.67,CD,3600,1611771501,71.67
192,torbay,47.6666,-52.7314,29.55,80,75,13.8,30.99,CA,-12600,1611771296,30.99
193,quimper,48.0,-4.1,53.6,100,90,11.5,53.6,FR,3600,1611771501,53.6
194,reconquista,-29.15,-59.65,91.27,40,8,11.39,91.27,AR,-10800,1611771233,91.27
195,umm lajj,25.0213,37.2685,74.23,71,46,6.17,74.23,SA,10800,1611771439,74.23
196,stornoway,58.2093,-6.3865,38.3,70,75,10.36,39.2,GB,0,1611771502,39.2
197,acari,-15.4311,-74.6158,83.7,47,99,11.27,83.7,PE,-18000,1611771502,83.7
198,tongliao,43.6125,122.2653,-0.36,89,100,7.54,-0.36,CN,28800,1611771502,-0.36
199,bambous virieux,-20.3428,57.7575,77.47,83,20,6.91,78.01,MU,14400,1611771290,78.01
200,yulara,-25.2406,130.9889,77.0,73,75,11.5,77.0,AU,34200,1611771152,77.0
201,chardara,41.2547,67.9692,36.05,81,0,6.44,36.05,KZ,21600,1611771503,36.05
202,labytnangi,66.6572,66.4183,-30.75,83,100,3.78,-30.75,RU,18000,1611771503,-30.75
203,sangar,63.9242,127.4739,-53.52,71,96,1.88,-53.52,RU,32400,1611771503,-53.52
204,senneterre,48.3835,-77.2328,10.4,85,75,6.91,10.4,CA,-18000,1611771503,10.4
205,hastings,50.8552,0.5729,46.17,90,100,1.01,48.0,GB,0,1611771454,48.0
206,warrnambool,-38.3833,142.4833,62.01,78,47,5.01,62.01,AU,39600,1611771431,62.01
207,guane,22.2025,-84.0875,83.1,59,31,7.81,83.1,CU,-18000,1611771504,83.1
208,rio gallegos,-51.6226,-69.2181,53.6,35,40,26.46,53.6,AR,-10800,1611771504,53.6
209,slavyanka,42.8633,131.3847,12.96,88,83,5.82,12.96,RU,36000,1611771504,12.96
210,san cristobal,7.7669,-72.225,87.8,51,40,12.66,87.8,VE,-14400,1611771221,87.8
211,georgetown,5.4112,100.3354,76.57,94,40,4.61,78.01,MY,28800,1611771328,78.01
212,olinda,-8.0089,-34.8553,82.4,61,40,12.66,82.4,BR,-10800,1611771505,82.4
213,mangan,27.5167,88.5333,52.07,39,13,5.08,52.07,IN,19800,1611771505,52.07
214,vardo,70.3705,31.1107,24.8,80,75,26.46,24.8,NO,3600,1611771369,24.8
215,grindavik,63.8424,-22.4338,32.0,55,0,24.16,32.0,IS,0,1611771294,32.0
216,kavaratti,10.5669,72.642,80.8,66,8,7.61,80.8,IN,19800,1611771229,80.8
217,sakakah,29.9697,40.2064,64.4,34,0,8.05,64.4,SA,10800,1611771328,64.4
218,adelaide,-34.9333,138.6,68.29,45,0,4.07,71.01,AU,37800,1611771239,71.01
219,khuzhir,53.1939,107.3397,-11.16,82,26,1.52,-11.16,RU,28800,1611771506,-11.16
220,puerto escondido,15.85,-97.0667,85.48,44,45,5.97,85.48,MX,-21600,1611771243,85.48
221,ciudad bolivar,8.1222,-63.5497,90.7,40,38,14.25,90.7,VE,-14400,1611771337,90.7
222,winnemucca,40.973,-117.7357,32.0,88,100,5.99,32.0,US,-28800,1611771506,32.0
223,ahipara,-35.1667,173.1667,62.6,92,39,3.33,62.6,NZ,46800,1611771396,62.6
224,thunder bay,48.4001,-89.3168,0.91,65,20,9.22,3.99,CA,-18000,1611771339,3.99
225,talaya,61.3833,152.75,-36.71,79,100,3.8,-36.71,RU,39600,1611771507,-36.71
226,isla vista,34.4133,-119.861,47.75,93,90,13.8,50.0,US,-28800,1611771507,50.0
227,mondlo,-27.983,30.7177,67.1,97,93,10.33,67.1,ZA,7200,1611771507,67.1
228,denpasar,-8.65,115.2167,80.6,83,40,12.66,80.6,ID,28800,1611771507,80.6
229,faanui,-16.4833,-151.75,80.69,73,49,14.5,80.69,PF,-36000,1611771284,80.69
230,yellowknife,62.456,-114.3525,-11.06,77,90,3.44,-11.0,CA,-25200,1611771091,-11.0
231,harper,4.375,-7.7169,81.12,77,34,5.95,81.12,LR,0,1611771508,81.12
232,khasan,42.4308,130.6434,19.94,94,94,8.77,19.94,RU,36000,1611771508,19.94
233,sao filipe,14.8961,-24.4956,76.93,63,0,5.59,76.93,CV,-3600,1611771350,76.93
234,mbini,1.574,9.6134,84.2,79,20,4.61,84.2,GQ,3600,1611771508,84.2
235,dwarka,22.2394,68.9678,67.39,53,0,10.27,67.39,IN,19800,1611771353,67.39
236,mineiros,-17.5694,-52.5511,81.16,68,100,8.66,81.16,BR,-10800,1611771408,81.16
237,vallenar,-28.5708,-70.7581,91.27,20,0,12.86,91.27,CL,-10800,1611771412,91.27
238,katsuura,35.1333,140.3,44.53,65,0,10.36,45.0,JP,32400,1611771149,45.0
239,linjiang,41.8069,126.9078,17.01,92,99,3.22,17.01,CN,28800,1611771509,17.01
240,amapa,1.0,-52.0,79.79,92,68,4.59,79.79,BR,-10800,1611771425,79.79
241,rawson,-43.3002,-65.1023,69.49,33,100,16.28,69.49,AR,-10800,1611771049,69.49
242,maarianhamina,60.0973,19.9348,28.4,80,90,9.22,28.4,AX,7200,1611771510,28.4
243,nanortalik,60.1432,-45.2371,24.69,90,100,6.02,24.69,GL,-10800,1611771108,24.69
244,husavik,66.0449,-17.3389,17.6,86,75,7.29,17.6,IS,0,1611771287,17.6
245,eyl,7.9803,49.8164,73.38,74,11,19.73,73.38,SO,10800,1611771510,73.38
246,ucluelet,48.9329,-125.5528,37.78,87,90,4.61,37.99,CA,-28800,1611771510,37.99
247,badarpur,24.9,92.6,59.05,69,0,2.3,59.05,IN,19800,1611771511,59.05
248,beba,22.4437,-79.7253,86.0,48,40,5.75,86.0,CU,-18000,1611771511,86.0
249,ponta delgada,37.7333,-25.6667,63.81,94,40,14.97,64.99,PT,-3600,1611771423,64.99
250,buston,40.2342,69.6948,28.4,86,0,2.24,28.4,TJ,18000,1611771511,28.4
251,baiyin,36.5583,104.2081,11.98,72,0,6.71,26.01,CN,28800,1611771511,26.01
252,wanning,18.8003,110.3967,67.17,85,21,5.46,67.17,CN,28800,1611771511,67.17
253,pisco,-13.7,-76.2167,75.2,64,0,8.05,75.2,PE,-18000,1611771279,75.2
254,novi banovci,44.9547,20.2819,30.25,100,0,4.61,33.01,RS,3600,1611771512,33.01
255,mayor pablo lagerenza,-19.9309,-60.7718,94.23,42,98,6.69,94.23,PY,-10800,1611771512,94.23
256,mudkhed,19.1667,77.5167,71.67,37,45,4.81,71.67,IN,19800,1611771512,71.67
257,sylvan lake,52.3168,-114.0853,4.15,85,90,6.91,5.0,CA,-25200,1611771512,5.0
258,somerset west,-34.084,18.8211,66.51,68,20,23.02,66.99,ZA,7200,1611771440,66.99
259,ahuimanu,21.4447,-157.8378,72.66,69,90,11.5,75.2,US,-36000,1611771513,75.2
260,sisimiut,66.9395,-53.6735,7.38,80,0,8.66,7.38,GL,-10800,1611771284,7.38
261,padang,-0.9492,100.3543,73.4,94,75,2.3,73.4,ID,25200,1611771127,73.4
262,yudong,29.385,106.5194,46.4,100,40,4.47,46.4,CN,28800,1611771513,46.4
263,oudtshoorn,-33.5907,22.2014,64.4,68,40,1.14,64.4,ZA,7200,1611771513,64.4
264,adrar,20.5022,-10.0711,78.42,15,0,10.07,78.42,MR,0,1611771203,78.42
265,huanren,41.2647,125.3667,20.52,95,100,5.55,20.52,CN,28800,1611771434,20.52
266,broken hill,-31.95,141.4333,71.6,40,71,8.05,71.6,AU,37800,1611771397,71.6
267,yanggu,36.1106,115.7753,37.26,53,29,16.06,37.26,CN,28800,1611771514,37.26
268,popondetta,-8.7537,148.2534,75.29,91,100,1.5,75.29,PG,36000,1611771461,75.29
269,okhotsk,59.3833,143.3,-13.56,78,52,11.86,-13.56,RU,36000,1611771514,-13.56
270,evensk,61.95,159.2333,-7.82,86,100,11.95,-7.82,RU,39600,1611771175,-7.82
271,vagur,61.4732,-6.8119,38.16,74,2,16.51,38.16,FO,0,1611771514,38.16
272,barra patuca,15.8,-84.2833,82.98,63,0,11.95,82.98,HN,-21600,1611771515,82.98
273,tadine,-21.55,167.8833,77.5,86,89,15.64,77.5,NC,39600,1611771515,77.5
274,zaraza,9.3503,-65.3245,91.65,38,47,7.7,91.65,VE,-14400,1611771515,91.65
275,bereznik,62.8551,42.7072,28.11,99,98,4.32,28.11,RU,10800,1611771515,28.11
276,kondagaon,19.6,81.6667,68.47,46,70,3.96,68.47,IN,19800,1611771368,68.47
277,tazovskiy,67.4667,78.7,-38.38,81,41,4.83,-38.38,RU,18000,1611771515,-38.38
278,lagoa,39.05,-27.9833,61.03,82,38,33.2,61.03,PT,-3600,1611771335,61.03
279,ndola,-12.9587,28.6366,69.01,89,52,2.33,69.01,ZM,7200,1611771516,69.01
280,bumba,2.1833,22.4667,72.43,94,76,8.79,72.43,CD,3600,1611771302,72.43
281,huarmey,-10.0681,-78.1522,76.77,66,100,11.41,76.77,PE,-18000,1611771073,76.77
282,verkhniy avzyan,53.5289,57.5372,16.63,96,66,3.89,16.63,RU,18000,1611771516,16.63
283,taoudenni,22.6783,-3.9836,77.41,18,0,11.25,77.41,ML,0,1611771422,77.41
284,vasto,42.1243,14.7059,41.0,52,89,3.0,41.0,IT,3600,1611771517,41.0
285,fort nelson,58.8053,-122.7002,-9.4,70,75,6.91,-9.4,CA,-25200,1611771517,-9.4
286,kabinda,-6.1333,24.4833,70.03,90,76,3.24,70.03,CD,7200,1611771517,70.03
287,bodden town,19.2833,-81.25,82.87,54,20,12.66,86.0,KY,-18000,1611771517,86.0
288,turbat,26.0023,63.044,59.74,24,0,7.31,59.74,PK,18000,1611771517,59.74
289,valmiera,57.5411,25.4275,32.0,98,98,1.01,32.0,LV,7200,1611771517,32.0
290,lompoc,34.6391,-120.4579,48.52,87,90,16.11,50.0,US,-28800,1611771071,50.0
291,iranshahr,27.2025,60.6848,51.8,11,0,1.97,51.8,IR,12600,1611771375,51.8
292,airai,-8.9266,125.4092,61.65,100,100,3.53,61.65,TL,32400,1611771282,61.65
293,tianpeng,30.9866,103.9393,48.11,93,84,2.24,52.0,CN,28800,1611771337,52.0
294,do gonbadan,30.3586,50.7981,48.2,61,0,0.78,48.2,IR,12600,1611771518,48.2
295,iqaluit,63.7506,-68.5145,-11.2,77,1,2.3,-11.2,CA,-18000,1611771296,-11.2
296,camana,-16.6228,-72.7111,75.76,65,96,11.03,75.76,PE,-18000,1611771385,75.76
297,rio tercero,-32.173,-64.1141,98.55,13,16,5.57,98.55,AR,-10800,1611771519,98.55
298,roald,62.5833,6.1333,28.08,93,90,5.75,32.0,NO,3600,1611771519,32.0
299,codrington,-38.2667,141.9667,61.7,75,25,13.13,61.7,AU,39600,1611771369,61.7
300,canakkale,40.0833,26.8333,33.8,93,75,11.5,33.8,TR,10800,1611771519,33.8
301,mokhsogollokh,61.4681,128.9203,-42.54,79,100,4.07,-42.54,RU,32400,1611771519,-42.54
302,kidal,18.4411,1.4078,75.54,15,0,10.49,75.54,ML,0,1611771520,75.54
303,wloclawek,52.6482,19.0678,28.0,93,76,7.34,28.0,PL,3600,1611771242,28.0
304,ketchikan,55.3422,-131.6461,26.6,86,20,10.36,26.6,US,-32400,1611771317,26.6
305,flin flon,54.7682,-101.865,-14.8,84,40,4.59,-14.8,CA,-21600,1611771314,-14.8
306,beringovskiy,63.05,179.3167,17.11,97,100,28.41,17.11,RU,43200,1611771313,17.11
307,ostrovnoy,68.0531,39.5131,9.79,94,100,20.54,9.79,RU,10800,1611771352,9.79
308,angoche,-16.2325,39.9086,80.56,81,18,6.82,80.56,MZ,7200,1611771521,80.56
309,grand gaube,-20.0064,57.6608,78.01,82,13,6.51,78.01,MU,14400,1611771407,78.01
310,laguna,38.421,-121.4238,49.19,81,40,20.71,50.0,US,-28800,1611771521,50.0
311,teya,60.3778,92.6267,-27.4,81,100,2.21,-27.4,RU,25200,1611771259,-27.4
312,caucaia,-3.7361,-38.6531,83.93,66,20,16.11,86.0,BR,-10800,1611771521,86.0
313,umm kaddadah,13.6017,26.6876,78.39,16,67,10.42,78.39,SD,7200,1611771522,78.39
314,baoshan,46.5586,131.4244,-5.66,89,19,5.37,-5.66,CN,28800,1611771522,-5.66
315,marawi,7.9986,124.2928,72.0,91,100,5.01,72.0,PH,28800,1611771121,72.0
316,catanduva,-21.1378,-48.9728,87.8,40,75,11.5,87.8,BR,-10800,1611771522,87.8
317,tual,-5.6667,132.75,83.44,77,100,20.36,83.44,ID,32400,1611771522,83.44
318,haines junction,60.7522,-137.5108,-29.2,68,53,1.14,-29.2,CA,-25200,1611771371,-29.2
319,oytal,42.9057,73.2697,18.77,81,0,3.27,18.77,KZ,21600,1611771523,18.77
320,wageningen,51.9667,5.6667,43.38,100,75,9.22,45.0,NL,3600,1611771523,45.0
321,meulaboh,4.1363,96.1285,77.56,83,99,3.94,77.56,ID,25200,1611771351,77.56
322,petropavlovsk-kamchatskiy,53.0452,158.6483,8.6,66,0,11.18,8.6,RU,43200,1611771304,8.6
323,olindina,-11.3667,-38.3333,87.35,46,99,15.75,87.35,BR,-10800,1611771524,87.35
324,hovd,48.0056,91.6419,1.56,80,99,0.74,1.56,MN,25200,1611771378,1.56
325,sangmelima,2.9333,11.9833,76.66,69,79,4.41,76.66,CM,3600,1611771524,76.66
326,pafos,34.7667,32.4167,57.72,59,75,17.27,60.8,CY,7200,1611771524,60.8
327,vila franca do campo,37.7167,-25.4333,63.84,94,40,14.97,64.99,PT,-3600,1611771336,64.99
328,lavrentiya,65.5833,-171.0,-2.87,88,86,14.0,-2.87,RU,43200,1611771391,-2.87
329,kloulklubed,7.0419,134.2556,77.0,94,90,4.61,77.0,PW,32400,1611771524,77.0
330,buala,-8.145,159.5921,80.69,81,76,10.6,80.69,SB,39600,1611771525,80.69
331,port-gentil,-0.7193,8.7815,78.8,78,20,3.44,78.8,GA,3600,1611771088,78.8
332,kisangani,0.5167,25.2,73.83,85,95,0.78,73.83,CD,7200,1611771525,73.83
333,bandundu,-3.3167,17.3667,72.0,93,100,4.34,72.0,CD,3600,1611771525,72.0
334,midland,31.9974,-102.0779,49.15,23,1,12.66,50.0,US,-21600,1611771285,50.0
335,shalakusha,62.2247,40.2539,29.71,99,100,1.92,29.71,RU,10800,1611771525,29.71
336,suntar,62.1444,117.6319,-45.72,78,75,2.04,-45.72,RU,32400,1611771525,-45.72
337,itarema,-2.9248,-39.9167,86.7,59,11,16.13,86.7,BR,-10800,1611771183,86.7
338,hofn,64.2539,-15.2082,26.6,59,0,11.5,26.6,IS,0,1611771526,26.6
339,lapeer,43.0514,-83.3188,23.0,58,1,3.44,23.0,US,-18000,1611771337,23.0
340,nouadhibou,20.931,-17.0347,71.6,68,0,12.66,71.6,MR,0,1611771526,71.6
341,vestmannaeyjar,63.4427,-20.2734,35.6,69,75,36.82,35.6,IS,0,1611771152,35.6
342,tubuala,9.5167,-79.0333,80.22,58,40,8.05,88.0,PA,-18000,1611771526,88.0
343,gushikawa,26.3544,127.8686,64.4,68,40,16.11,64.4,JP,32400,1611771526,64.4
344,quatre cocos,-20.2078,57.7625,77.52,83,20,6.91,78.01,MU,14400,1611771118,78.01
345,namatanai,-3.6667,152.4333,80.64,82,69,8.81,80.64,PG,36000,1611771527,80.64
346,kajaani,64.2273,27.7285,19.4,86,90,9.22,19.4,FI,7200,1611771437,19.4
347,bereda,43.2686,-7.5406,57.31,91,100,8.99,59.0,ES,3600,1611771527,59.0
348,san jeronimo,-11.9472,-75.2829,62.6,51,82,4.5,62.6,PE,-18000,1611771527,62.6
349,tateyama,34.9833,139.8667,44.37,50,74,16.28,45.0,JP,32400,1611771528,45.0
350,the pas,53.8251,-101.2541,-11.2,77,1,6.91,-11.2,CA,-21600,1611771528,-11.2
351,whyalla,-33.0333,137.5833,66.2,82,51,3.44,66.2,AU,37800,1611771528,66.2
352,manado,1.487,124.8455,73.4,94,20,2.3,73.4,ID,28800,1611771452,73.4
353,bandar-e lengeh,26.5579,54.8807,62.6,88,0,6.91,62.6,IR,12600,1611771528,62.6
354,korla,41.7597,86.1469,22.91,81,0,4.27,22.91,CN,28800,1611771485,22.91
355,pringsewu,-5.3582,104.9744,73.33,92,100,1.97,73.33,ID,25200,1611771529,73.33
356,madarounfa,13.3087,7.156,89.6,6,0,11.5,89.6,NE,3600,1611771529,89.6
357,verkhnyaya toyma,62.2349,44.9985,31.37,98,99,7.96,31.37,RU,10800,1611771529,31.37
358,port blair,11.6667,92.75,79.39,80,71,11.65,79.39,IN,19800,1611771242,79.39
359,alice springs,-23.7,133.8833,73.99,88,64,1.14,75.2,AU,34200,1611771237,75.2
360,tacuarembo,-31.7333,-55.9833,86.16,47,58,10.85,86.16,UY,-10800,1611771529,86.16
361,shubarshi,48.5872,57.1869,13.28,94,1,12.1,13.28,KZ,18000,1611771273,13.28
362,novikovo,51.1537,37.8879,36.1,92,100,10.02,36.1,RU,10800,1611771384,36.1
363,leshukonskoye,64.8989,45.7622,27.72,99,100,3.67,27.72,RU,10800,1611771530,27.72
364,tecoanapa,16.5167,-98.75,85.89,48,0,7.65,85.89,MX,-21600,1611771530,85.89
365,saquarema,-22.92,-42.5103,88.63,51,0,27.63,91.4,BR,-10800,1611771530,91.4
366,yarmouth,41.7057,-70.2286,39.0,87,90,9.22,39.99,US,-18000,1611771075,39.99
367,kathu,7.9178,98.3332,83.21,100,20,16.89,86.0,TH,25200,1611771531,86.0
368,sai buri,6.7013,101.6168,76.05,88,68,8.79,76.05,TH,25200,1611771531,76.05
369,puerto quijarro,-17.7833,-57.7667,84.31,76,96,5.88,84.31,BO,-14400,1611771531,84.31
370,guiratinga,-16.3494,-53.7583,82.56,59,99,5.57,82.56,BR,-14400,1611771531,82.56
371,constitucion,-35.3333,-72.4167,67.14,48,37,21.63,67.14,CL,-10800,1611771300,67.14
372,dunedin,-45.8742,170.5036,54.0,68,18,4.0,54.0,NZ,46800,1611771248,54.0
373,aswan,24.0934,32.907,64.17,24,0,7.45,64.17,EG,7200,1611771532,64.17
374,san rafael,-34.6177,-68.3301,85.86,16,0,6.02,85.86,AR,-10800,1611771395,85.86
375,dingle,10.9995,122.6711,75.33,90,100,8.52,75.33,PH,28800,1611770751,75.33
376,nortelandia,-14.4547,-56.8028,85.78,69,77,5.61,85.78,BR,-14400,1611771532,85.78
377,kalakamati,-20.5929,27.3121,71.6,94,20,5.75,71.6,BW,7200,1611771533,71.6
378,salalah,17.0151,54.0924,75.2,69,0,3.44,75.2,OM,14400,1611771334,75.2
379,safaga,26.7292,33.9365,71.6,60,0,1.97,71.6,EG,7200,1611771533,71.6
380,senno,59.5336,33.9167,30.0,93,92,1.99,30.0,RU,10800,1611771533,30.0
381,lagunas,-5.2269,-75.6753,81.93,83,85,4.38,81.93,PE,-18000,1611771533,81.93
382,kaitangata,-46.2817,169.8464,52.0,64,48,15.99,52.0,NZ,46800,1611771292,52.0
383,mujiayingzi,42.1167,118.7833,-0.11,82,63,9.26,-0.11,CN,28800,1611771387,-0.11
384,severo-yeniseyskiy,60.3725,93.0408,-30.41,85,100,2.66,-30.41,RU,25200,1611771534,-30.41
385,omsukchan,62.5333,155.8,-34.13,79,100,5.21,-34.13,RU,39600,1611771145,-34.13
386,mercedes,-34.6515,-59.4307,92.98,31,0,3.0,95.0,AR,-10800,1611771415,95.0
387,makakilo city,21.3469,-158.0858,72.12,73,1,5.75,73.4,US,-36000,1611771413,73.4
388,mestia,43.0458,42.7278,32.95,78,100,3.11,32.95,GE,14400,1611771534,32.95
389,jacareacanga,-6.2222,-57.7528,86.0,74,40,3.44,86.0,BR,-10800,1611771534,86.0
390,muli,2.9167,73.5667,80.76,74,7,20.98,80.76,MV,18000,1611771286,80.76
391,potam,27.6,-110.3833,62.74,46,76,10.0,64.0,MX,-25200,1611771535,64.0
392,wasilla,61.5814,-149.4394,-1.41,84,1,4.03,1.99,US,-32400,1611771535,1.99
393,raudeberg,61.9875,5.1352,28.99,89,65,10.8,28.99,NO,3600,1611771535,28.99
394,qaqortoq,60.7167,-46.0333,37.4,32,75,37.98,37.4,GL,-10800,1611771535,37.4
395,honiara,-9.4333,159.95,78.93,81,99,6.33,78.93,SB,39600,1611771535,78.93
396,geraldton,-28.7667,114.6,66.2,68,0,12.66,66.2,AU,28800,1611771326,66.2
397,lubao,14.9167,120.55,77.0,78,75,2.3,77.0,PH,28800,1611771536,77.0
398,miracema do tocantins,-9.5618,-48.3967,87.1,63,87,2.35,87.1,BR,-10800,1611771370,87.1
399,ust-kuyga,70.0167,135.6,-38.54,78,96,1.34,-38.54,RU,36000,1611771430,-38.54
400,pathein,16.7833,94.7333,70.88,79,2,5.79,70.88,MM,23400,1611771536,70.88
401,marondera,-18.1853,31.5519,61.9,95,77,4.03,61.9,ZW,7200,1611771536,61.9
402,melilla,35.2937,-2.9383,63.73,77,0,6.91,64.4,ES,3600,1611771434,64.4
403,pekalongan,-6.8886,109.6753,57.99,10,100,6.53,57.99,ID,25200,1611771537,57.99
404,la ronge,55.1001,-105.2842,-4.9,71,75,8.05,-4.0,CA,-21600,1611771537,-4.0
405,eugene,44.0521,-123.0867,37.47,87,90,2.19,37.99,US,-28800,1611771537,37.99
406,rusape,-18.5278,32.1284,64.92,90,80,4.03,64.92,ZW,7200,1611771537,64.92
407,cartagena,10.3997,-75.5144,84.2,74,40,10.36,84.2,CO,-18000,1611771537,84.2
408,cordoba,-31.4135,-64.1811,83.77,73,75,9.22,91.99,AR,-10800,1611771507,91.99
409,conversion,15.8984,121.1277,70.03,87,67,4.18,70.03,PH,28800,1611771538,70.03
410,lasa,46.6166,10.7002,28.67,80,40,1.14,33.01,IT,3600,1611771469,33.01
411,nizhniy tsasuchey,50.5167,115.1333,-12.46,84,91,11.48,-12.46,RU,32400,1611771538,-12.46
412,yerbogachen,61.2767,108.0108,-39.78,81,37,3.69,-39.78,RU,28800,1611771425,-39.78
413,grand-lahou,5.1367,-5.0242,80.83,80,23,9.78,80.83,CI,0,1611771538,80.83
414,coihueco,-36.6167,-71.8333,78.8,24,0,11.5,78.8,CL,-10800,1611771539,78.8
415,avera,33.194,-82.5271,55.62,78,90,9.22,55.99,US,-18000,1611771417,55.99
416,septemvri,42.2167,24.1,23.68,69,90,20.71,33.8,BG,7200,1611771539,33.8
417,fairbanks,64.8378,-147.7164,-12.84,69,40,2.28,-5.01,US,-32400,1611771306,-5.01
418,agadez,19.75,10.25,66.56,23,0,6.46,66.56,NE,3600,1611771539,66.56
419,vila velha,-20.3297,-40.2925,87.26,51,20,16.11,88.0,BR,-10800,1611771362,88.0
420,malgrat de mar,41.6466,2.7414,52.16,66,90,0.92,53.01,ES,3600,1611771539,53.01
421,lata,40.1629,-8.3327,58.41,93,100,0.29,60.01,PT,0,1611771365,60.01
422,marystown,47.1666,-55.1483,32.34,89,20,7.92,32.34,CA,-12600,1611771432,32.34
423,nurota,40.5614,65.6886,30.2,86,0,6.91,30.2,UZ,18000,1611771540,30.2
424,vertientes,21.2594,-78.1464,86.0,51,40,5.75,86.0,CU,-18000,1611771540,86.0
425,aksha,50.2814,113.2867,-15.7,80,69,6.73,-15.7,RU,32400,1611771540,-15.7
426,lakhtar,22.85,71.7833,58.78,37,3,8.32,58.78,IN,19800,1611771540,58.78
427,mayumba,-3.432,10.6554,78.91,84,93,4.59,78.91,GA,3600,1611771345,78.91
428,vilhena,-12.7406,-60.1458,80.6,74,75,9.22,80.6,BR,-14400,1611771456,80.6
429,ornskoldsvik,63.2909,18.7153,19.4,86,0,5.75,19.4,SE,3600,1611771308,19.4
430,ylivieska,64.0833,24.55,23.29,93,100,1.01,27.0,FI,7200,1611771541,27.0
431,pomabamba,-8.8333,-77.4667,60.03,58,100,4.61,60.03,PE,-18000,1611771541,60.03
432,bontang,0.1333,117.5,77.97,85,93,5.57,77.97,ID,28800,1611771541,77.97
433,champerico,14.3,-91.9167,87.8,55,40,6.91,87.8,GT,-21600,1611771525,87.8
434,beidao,34.5686,105.8933,28.08,76,67,0.78,28.08,CN,28800,1611771542,28.08
435,karakol,42.4907,78.3936,17.22,66,0,4.61,17.22,KG,21600,1611771542,17.22
436,quelimane,-17.8786,36.8883,86.0,74,40,8.05,86.0,MZ,7200,1611771542,86.0
437,carutapera,-1.195,-46.02,85.89,62,64,8.25,85.89,BR,-10800,1611771542,85.89
438,flinders,-34.5833,150.8552,68.0,83,99,3.0,68.0,AU,39600,1611771397,68.0
439,kenora,49.8167,-94.4337,-7.29,71,1,2.3,-7.01,CA,-21600,1611771359,-7.01
440,boueni,-12.9025,45.0761,82.4,78,0,5.75,82.4,YT,10800,1611771543,82.4
441,souillac,-20.5167,57.5167,77.0,83,20,6.91,77.0,MU,14400,1611771387,77.0
442,nagaur,27.2,73.7333,57.07,33,0,7.54,57.07,IN,19800,1611771543,57.07
443,itape,-25.85,-56.6167,82.04,86,85,6.89,82.04,PY,-10800,1611771543,82.04
444,grand-santi,4.25,-54.3833,80.91,88,52,4.09,80.91,GF,-10800,1611771543,80.91
445,saint-ambroise,48.5501,-71.3324,23.76,93,99,2.3,26.01,CA,-18000,1611771544,26.01
446,basco,20.4487,121.9702,73.08,79,30,19.82,73.08,PH,28800,1611771394,73.08
447,tiznit,29.5833,-9.5,70.39,33,0,3.6,70.39,MA,3600,1611771497,70.39
448,sao felix do xingu,-6.6447,-51.995,86.22,66,88,3.11,86.22,BR,-10800,1611771534,86.22
449,klaksvik,62.2266,-6.589,32.0,93,20,12.66,32.0,FO,0,1611771313,32.0
450,akyab,20.15,92.9,65.46,61,0,8.95,65.46,MM,23400,1611771544,65.46
451,jiexiu,37.0244,111.9125,24.78,53,0,11.32,24.78,CN,28800,1611771545,24.78
452,umkomaas,-30.2067,30.7978,69.98,96,96,11.72,72.0,ZA,7200,1611771545,72.0
453,mizdah,31.4451,12.9801,49.35,50,0,8.14,49.35,LY,7200,1611771545,49.35
454,sencha,50.2548,33.346,31.6,98,100,15.93,31.6,UA,7200,1611771545,31.6
455,miraflores,19.2167,-98.8083,71.29,18,40,8.05,71.6,MX,-21600,1611771545,71.6
456,rosarito,32.3333,-117.0333,54.91,44,40,9.22,57.2,MX,-28800,1611771545,57.2
457,kakamega,0.2842,34.7523,70.34,64,0,9.22,75.2,KE,10800,1611771546,75.2
458,lakatoro,-16.0999,167.4164,76.91,87,100,3.85,76.91,VU,39600,1611771376,76.91
459,katangli,51.7102,143.2326,11.35,96,100,11.61,11.35,RU,39600,1611771546,11.35
460,kushiro,42.975,144.3747,22.01,88,0,20.22,22.01,JP,32400,1611771314,22.01
461,jati,24.3539,68.2671,57.02,43,0,7.05,57.02,PK,18000,1611771546,57.02
462,praia da vitoria,38.7333,-27.0667,63.81,94,75,28.32,64.4,PT,-3600,1611771546,64.4
463,huntingdon,52.3305,-0.1865,44.91,92,100,3.87,46.0,GB,0,1611771547,46.0
464,dargaville,-35.9333,173.8833,63.3,86,86,2.91,63.3,NZ,46800,1611771547,63.3
465,hami,42.8,93.45,19.99,81,64,2.1,19.99,CN,28800,1611771547,19.99
466,rocha,-34.4833,-54.3333,82.26,51,83,15.12,82.26,UY,-10800,1611771547,82.26
467,shunyi,40.125,116.6453,29.1,24,0,17.9,30.0,CN,28800,1611771547,30.0
468,kharp,66.8014,65.8081,-27.99,83,100,3.18,-27.99,RU,18000,1611771547,-27.99
469,yabrud,33.9674,36.6574,46.45,57,75,11.5,48.2,SY,7200,1611771548,48.2
470,fountain hills,33.6117,-111.7174,50.34,40,1,14.97,53.6,US,-25200,1611771474,53.6
471,heihe,50.2441,127.4902,-18.4,76,0,6.71,-18.4,CN,28800,1611771548,-18.4
472,colares,38.7992,-9.4469,59.61,88,75,4.61,60.01,PT,0,1611771548,60.01
473,feijo,-8.1642,-70.3536,86.41,63,95,4.47,86.41,BR,-18000,1611771548,86.41
474,jiujiang,29.7333,115.9833,45.03,90,84,9.73,45.03,CN,28800,1611771265,45.03
475,jinka,5.65,36.65,71.65,31,8,0.65,71.65,ET,10800,1611771549,71.65
476,caramay,10.1815,119.236,76.98,85,99,4.99,76.98,PH,28800,1611771549,76.98
477,alexandria,31.2156,29.9553,59.0,63,20,17.27,59.0,EG,7200,1611771187,59.0
478,zhangjiakou,40.81,114.8794,11.16,64,38,25.97,11.16,CN,28800,1611771549,11.16
479,bardiyah,31.7561,25.0865,54.57,56,24,18.81,54.57,LY,7200,1611771333,54.57
480,taksimo,56.3444,114.8794,-27.13,75,81,2.28,-27.13,RU,28800,1611771288,-27.13
481,fremont,37.5483,-121.9886,51.22,82,40,6.91,53.01,US,-28800,1611771120,53.01
482,kupino,54.3663,77.2981,25.45,98,99,10.25,25.45,RU,25200,1611771550,25.45
483,saint-pierre,-21.3393,55.4781,75.45,69,20,6.02,80.6,RE,14400,1611771380,80.6
484,belmonte,-15.8631,-38.8828,82.4,61,40,9.22,82.4,BR,-10800,1611771311,82.4
485,baijiantan,45.6333,85.1833,7.05,87,17,4.25,7.05,CN,28800,1611771550,7.05
486,gat,31.61,34.7642,56.34,72,72,3.51,59.0,IL,7200,1611771550,59.0
487,naryan-mar,67.6713,53.087,-6.45,89,100,15.55,-6.45,RU,10800,1611771551,-6.45
488,zhaoyuan,37.3592,120.3964,40.05,98,58,1.01,41.0,CN,28800,1611771551,41.0
489,el campo,29.1966,-96.2697,64.78,27,1,18.41,64.99,US,-21600,1611771551,64.99
490,noyabrsk,63.1994,75.4507,-38.78,81,22,7.16,-38.78,RU,18000,1611771551,-38.78
491,murray,40.6669,-111.888,30.92,74,90,29.93,34.0,US,-25200,1611771551,34.0
492,filadelfia,39.9523,-75.1638,37.13,56,90,18.41,39.0,US,-18000,1611771397,39.0
493,poum,-20.2333,164.0167,79.7,75,96,10.83,79.7,NC,39600,1611771172,79.7
494,hibbing,47.4272,-92.9377,-2.2,55,1,5.75,-2.2,US,-21600,1611771552,-2.2
495,cochrane,51.1834,-114.4687,8.94,85,90,5.75,10.4,CA,-25200,1611771552,10.4
496,boyolangu,-8.1181,111.8935,75.02,87,100,2.91,75.02,ID,25200,1611771552,75.02
497,jaguariaiva,-24.2511,-49.7058,75.16,84,88,9.53,75.16,BR,-10800,1611771552,75.16
498,englehart,47.8169,-79.8664,6.8,78,90,10.36,6.8,CA,-18000,1611771553,6.8
499,broome,42.2506,-75.833,26.04,80,90,11.5,27.0,US,-18000,1611771414,27.0
500,tucuma,-0.1833,-50.05,83.05,78,24,8.01,83.05,BR,-10800,1611771321,83.05
501,kandrian,-6.2167,149.55,79.27,84,93,9.37,79.27,PG,36000,1611771553,79.27
502,shahr-e babak,30.1165,55.1186,41.61,51,4,0.96,41.61,IR,12600,1611771553,41.61
503,tukrah,32.5341,20.5791,54.61,62,47,15.82,54.61,LY,7200,1611771553,54.61
504,uruana,-15.4981,-49.6875,85.77,55,99,4.5,85.77,BR,-10800,1611771554,85.77
505,komsomolskiy,40.4272,71.7189,30.2,69,0,2.3,30.2,UZ,18000,1611771225,30.2
506,labuhan,-6.8844,112.2051,78.33,86,97,10.63,78.33,ID,25200,1611771554,78.33
507,sorland,67.667,12.6934,33.8,80,75,16.11,33.8,NO,3600,1611771366,33.8
508,vicuna,-30.0319,-70.7081,68.0,68,0,16.11,68.0,CL,-10800,1611771554,68.0
509,ranipur,27.2879,68.5051,53.6,66,0,1.57,53.6,PK,18000,1611771554,53.6
510,sistranda,63.7256,8.834,30.2,100,90,23.02,30.2,NO,3600,1611771311,30.2
511,svetlaya,46.5389,138.3297,2.34,79,0,8.01,2.34,RU,36000,1611771555,2.34
512,cortez,37.3489,-108.5859,22.39,68,1,7.54,24.01,US,-25200,1611771555,24.01
513,kharan,28.5833,65.4167,50.61,32,0,6.4,50.61,PK,18000,1611771555,50.61
514,hirna,9.2167,41.1,58.96,35,0,1.03,58.96,ET,10800,1611771555,58.96
515,henties bay,-22.116,14.2845,68.0,82,9,7.05,68.0,NA,7200,1611771555,68.0
516,altamont,42.2068,-121.7372,33.24,69,90,16.11,34.0,US,-28800,1611771555,34.0
517,quartucciu,39.2519,9.1794,53.56,100,75,10.36,54.0,IT,3600,1611771555,54.0
518,lakes entrance,-37.8811,147.981,64.0,78,99,5.01,64.0,AU,39600,1611771556,64.0
519,sobolevo,54.4299,31.8996,28.83,98,100,8.46,28.83,RU,10800,1611771556,28.83
520,jacksonville,30.3322,-81.6556,75.18,73,75,8.05,77.0,US,-18000,1611771335,77.0
521,ojinaga,29.5667,-104.4167,49.46,40,1,4.61,51.01,MX,-25200,1611771556,51.01
522,the valley,18.217,-63.0578,81.97,65,20,14.97,84.2,AI,-14400,1611771398,84.2
523,port macquarie,-31.4333,152.9167,71.76,94,90,3.42,72.0,AU,39600,1611771329,72.0
524,voh,-20.9667,164.7,74.59,85,98,3.18,74.59,NC,39600,1611771556,74.59
525,uglekamensk,43.2172,133.2303,7.0,86,33,2.77,7.0,RU,36000,1611771557,7.0
526,anaconda,46.1285,-112.9423,28.4,46,75,8.05,28.4,US,-25200,1611771557,28.4
527,oranjestad,12.524,-70.027,84.2,65,20,24.16,84.2,AW,-14400,1611771557,84.2
528,sao raimundo das mangabeiras,-7.0219,-45.4811,85.75,63,89,7.25,85.75,BR,-10800,1611771557,85.75
529,landeck,47.1301,10.5636,30.67,93,100,2.98,30.99,AT,3600,1611771557,30.99
530,alekseyevskoye,55.3071,50.1135,19.4,86,75,17.9,19.4,RU,10800,1611771558,19.4
531,yushu,44.8,126.5333,-0.98,91,100,2.17,-0.98,CN,28800,1611771558,-0.98
532,hamilton,39.1834,-84.5333,32.5,69,90,6.91,34.0,US,-18000,1611771314,34.0
533,cairns,-16.9167,145.7667,77.0,88,75,3.44,77.0,AU,36000,1611771499,77.0
534,candolim,15.5181,73.7626,78.8,69,0,8.05,78.8,IN,19800,1611771558,78.8
535,bandarbeyla,9.4942,50.8122,74.23,72,50,18.72,74.23,SO,10800,1611771388,74.23
536,mvuma,-19.2792,30.5283,67.3,85,62,2.24,67.3,ZW,7200,1611771559,67.3
537,tatarskaya pishlya,54.0608,44.8998,31.32,98,100,17.56,31.32,RU,10800,1611771559,31.32
538,kashi,39.4547,75.9797,24.8,58,0,6.71,24.8,CN,28800,1611771559,24.8
539,camocim,-2.9022,-40.8411,85.26,65,47,11.77,85.26,BR,-10800,1611771559,85.26
540,havre-saint-pierre,50.2334,-63.5986,24.8,54,90,10.36,24.8,CA,-18000,1611771559,24.8
541,nantucket,41.2835,-70.0995,38.16,93,90,11.5,39.0,US,-18000,1611771514,39.0
542,porto walter,-8.2686,-72.7439,85.3,61,73,5.48,85.3,BR,-18000,1611771560,85.3
543,isangel,-19.55,169.2667,79.77,84,100,17.16,79.77,VU,39600,1611771375,79.77
544,bosanska dubica,45.1767,16.8094,30.2,86,0,2.3,30.2,BA,3600,1611771365,30.2
545,khipro,25.8285,69.3772,60.4,27,0,8.43,60.4,PK,18000,1611771560,60.4
546,iralaya,15.0,-83.2333,82.78,64,15,11.07,82.78,HN,-21600,1611771560,82.78
547,akom,2.6678,12.7109,79.3,54,78,1.92,79.3,CM,3600,1611771560,79.3
548,svetlogorsk,52.6333,29.7333,29.1,98,100,4.36,29.1,BY,10800,1611771561,29.1
549,rentina,40.6574,23.614,34.97,52,100,18.01,37.0,GR,7200,1611771561,37.0
550,zafra,38.4167,-6.4167,57.0,89,89,2.77,57.0,ES,3600,1611771271,57.0
551,kieta,-6.2167,155.6333,80.53,81,84,7.25,80.53,PG,39600,1611771374,80.53
552,jimeta,9.2833,12.4667,96.8,26,0,0.11,96.8,NG,3600,1611771561,96.8
553,ranot,7.7777,100.3213,79.52,80,20,12.73,79.52,TH,25200,1611771441,79.52
554,blagoyevo,63.3667,47.9167,25.25,98,98,6.24,25.25,RU,10800,1611771561,25.25
555,farap,39.1704,63.6116,33.8,86,0,4.61,33.8,TM,18000,1611771562,33.8
556,pauini,-7.7136,-66.9764,86.97,58,99,3.83,86.97,BR,-14400,1611771562,86.97
557,lanzhou,36.0564,103.7922,26.01,51,0,1.16,26.01,CN,28800,1611771562,26.01
558,egvekinot,66.3167,-179.1667,-13.97,87,100,19.98,-13.97,RU,43200,1611771435,-13.97
559,goiatuba,-18.0125,-49.3547,82.53,63,98,6.67,82.53,BR,-10800,1611771562,82.53
